"General government gross debt (Percent of GDP)",1980,1981,1982,1983,1984,1985,1986,1987,1988,1989,1990,1991,1992,1993,1994,1995,1996,1997,1998,1999,2000,2001,2002,2003,2004,2005,2006,2007,2008,2009,2010,2011,2012,2013,2014,2015,2016,2017,2018,2019,2020,2021,2022,2023,2024,2025,2026,2027,2028
,,,,,,,,,,,,,,,,,,,,,,,,,,,,,,,,,,,,,,,,,,,,,,,,,
Afghanistan,"no data","no data","no data","no data","no data","no data","no data","no data","no data","no data","no data","no data","no data","no data","no data","no data","no data","no data","no data","no data","no data","no data",346,270.6,245,206.4,23,20.1,19.1,16.2,7.7,7.5,6.8,6.9,8.7,9.2,8.4,8,7.4,6.1,7.4,"no data","no data","no data","no data","no data","no data","no data","no data"
Albania,"no data","no data","no data","no data","no data","no data","no data","no data","no data","no data","no data","no data","no data","no data","no data","no data","no data",72.2,71.2,68.2,63.8,60.6,64.1,60.2,57.5,58.2,56.7,53.6,55.1,59.7,57.7,59.4,62.1,70.4,72,73.7,73.3,71.9,69.5,67.4,75.9,73.9,67.6,68.6,66.7,64.9,64.6,63.5,62.9
Algeria,"no data","no data","no data","no data","no data","no data","no data","no data","no data","no data","no data",93.4,75.2,83.3,115.4,104,98.4,86.3,86.7,75.6,58,54.3,51.3,41.4,35.2,26.3,23.6,13.5,8.1,9.8,10.5,9.3,9.3,7.1,7.7,8.7,20.4,27.2,38.4,46,52,62.8,52.4,52.2,55.4,58.9,62.3,66.4,70.2
Andorra,"no data","no data","no data","no data","no data","no data","no data","no data","no data","no data","no data","no data","no data","no data","no data","no data","no data","no data","no data","no data","no data",15.8,15.3,15.2,15.1,14.8,16.1,18.4,25.1,31.1,34.9,36.5,41.6,42.6,42,40.9,39.8,37.8,36.3,35.4,46.3,48.5,38.8,37.4,35.6,34.3,33.1,31.9,30.9
Angola,"no data","no data","no data","no data","no data","no data","no data","no data","no data","no data","no data","no data","no data","no data","no data","no data","no data","no data","no data","no data",133.9,113.5,73.7,58,47.7,33.5,18.7,21,31.4,56.3,37.2,29.6,26.7,33.1,39.8,57.1,75.7,69.3,93,113.6,138.9,86.9,67,63.3,59.2,56.7,54.4,51.5,49.5
"Antigua and Barbuda","no data","no data","no data","no data","no data","no data","no data","no data","no data","no data",98.1,99.1,95.5,90.1,89.7,98.3,91.7,87,102.6,104.6,105.1,118,126.3,125.1,120.1,92.6,89.1,77.8,76,100.6,89.7,91.8,87.5,95.8,101.4,99.1,86.1,92.2,87.7,81.3,101.5,102.4,90.6,84.9,79.9,76.1,73,70.1,67.6
Argentina,"no data","no data","no data","no data","no data","no data","no data","no data","no data","no data","no data","no data",25,26.9,28.4,30.7,32.6,31.7,34.1,38.9,40.8,48,147.2,125.2,117.9,80.3,70.8,62.1,53.8,55.4,43.5,38.9,40.4,43.5,44.7,52.6,53.1,57,85.2,88.8,102.8,80.9,84.5,76.3,73.6,73.3,70.7,67.9,65.4
Armenia,"no data","no data","no data","no data","no data","no data","no data","no data","no data","no data","no data","no data","no data","no data","no data","no data",40.8,46.5,45.2,39.2,39.6,38.1,38.2,33,26.4,20.5,16.2,14.2,14.6,34.1,33.8,35.7,35.6,36.3,39.4,44.1,51.9,53.7,51.2,50.1,63.5,60.2,49.3,49.3,50.2,51.8,52.1,51.5,50.2
Aruba,"no data","no data","no data","no data","no data","no data","no data","no data","no data","no data","no data","no data","no data","no data","no data",55.1,54.8,51.1,41,39.3,38.6,44.3,47.1,40.8,42.5,45.1,45.5,44.6,40.3,48.8,54.7,59.3,65.5,70,77.7,74.2,75.4,75.8,75,71.6,110.1,101.1,92,89.8,88.4,86.9,85.6,84.2,82.7
Australia,"no data","no data","no data","no data","no data","no data","no data","no data","no data",17,16.4,21.6,27.6,30.7,31.7,31.2,29.3,25.9,23.7,22.6,19.5,17.1,15,13.2,11.9,10.9,9.9,9.7,11.7,16.6,20.4,24,27.5,30.5,34,37.8,40.6,41.2,41.8,46.7,57.1,57.6,55.7,59.4,62.4,62.9,62.8,62.6,62.2
Austria,"no data","no data","no data","no data","no data","no data","no data","no data",57.4,56.3,55.9,56.1,56,60.6,63.7,67.9,67.8,63.1,68.8,61.1,65.7,66.4,67,64.9,64.8,68.3,67,64.7,68.4,79.6,82.4,82.2,81.7,81,83.8,84.4,82.5,78.6,74.1,70.6,82.9,82.3,77.8,74.9,72.6,71.4,70.1,68.7,67.9
Azerbaijan,"no data","no data","no data","no data","no data","no data","no data","no data","no data","no data","no data","no data","no data","no data","no data",19.2,16.7,12.5,14.3,25.4,22.8,24.4,23,21.8,9.7,6.9,5.3,4,3.2,4.7,5,5,5.8,6.2,8.5,18,20.6,22.5,18.7,17.7,21.3,26.4,20.7,22.1,23.4,25.9,28.2,30.7,33.6
"Bahamas, The","no data","no data","no data","no data","no data","no data","no data","no data","no data","no data",13.2,15.3,17.9,19.7,20.9,21,20.7,21.5,20.8,19.8,19.2,18.5,19.4,20.8,21.6,23,23.2,23.5,25.3,30.1,33.9,35.3,37.6,44.1,47.5,49.8,51,54.5,61.9,59.7,75,103.3,89.4,83.9,83.5,83.1,82.9,82.3,81.6
Bahrain,"no data","no data","no data","no data","no data","no data","no data","no data","no data","no data",7.5,7,6.7,6.2,5.9,14.2,13.7,15.4,20.8,25.7,25.7,26.1,28.4,32.5,29.4,24.2,20.3,16.3,12.6,21.4,30,32.8,36.2,43.9,44.4,66.2,81.3,88.1,94.6,101.6,128.5,126.3,117.6,124.7,127.9,131.3,135.6,140,144.5
Bangladesh,"no data","no data","no data","no data","no data","no data","no data","no data","no data","no data","no data","no data","no data","no data","no data","no data","no data","no data","no data","no data","no data","no data","no data",37,36.6,35.6,35.3,35,33.9,33,29.6,29.4,29.1,28.3,28.7,28.2,27.7,28.3,29.6,32,34.5,35.6,39.1,42.1,42.4,42.8,43.1,43.3,43.6
Barbados,"no data","no data","no data","no data","no data","no data","no data","no data","no data","no data","no data","no data","no data","no data",55.9,57.9,58.5,58.5,53.9,53.8,61.3,67.5,71,70.9,70.5,73.3,75.8,77.4,83.4,100,108.2,112.6,123.7,135.2,139.3,147,149.5,158.3,126,123,139.8,135.4,120.8,113.5,107.1,100.2,94,88.4,83.7
Belarus,"no data","no data","no data","no data","no data","no data","no data","no data","no data","no data","no data","no data","no data","no data","no data","no data","no data","no data","no data","no data","no data","no data","no data","no data",9.2,8.1,12.3,15.8,20.3,32.5,36.8,58.2,36.9,36.9,38.8,53,53.5,53.2,47.5,41,47.5,41.2,39.8,41.4,40.3,38.7,37,35.2,33.1
Belgium,76.8,89.7,99.6,110.3,114.6,119.4,124.7,129.2,129.7,126.4,130.3,131.8,134.7,138.9,137.1,131.3,129,124.3,119.2,115.4,109.6,108.2,105.4,101.7,97.2,95.1,91.5,87.3,93.2,100.2,100.3,103.5,104.8,105.5,107,105.2,105,102,99.9,97.6,112,109.2,105.3,106,108.3,111.1,114,116.9,119.5
Belize,"no data","no data","no data","no data","no data","no data","no data","no data","no data","no data","no data","no data","no data","no data","no data","no data","no data","no data","no data","no data","no data",49.9,53.7,67.7,71.2,73.4,71.8,66.8,65,70,68.8,66.7,63.6,63,61.6,64.5,69.9,77.4,78.1,77.5,101.4,80.1,64.1,60.4,58.5,57,55.8,54.7,53.5
Benin,"no data","no data","no data","no data","no data","no data","no data","no data","no data","no data","no data","no data","no data","no data","no data","no data","no data","no data",53.6,39.4,39.6,38,30.8,23.4,21.5,27,8.4,14.3,18.3,18.7,21,21.9,19.5,18.5,22.3,30.9,35.9,39.6,41.1,41.2,46.1,50.3,52.4,52.8,51.6,50.4,49.5,48.7,47.4
Bhutan,"no data","no data","no data","no data","no data","no data","no data","no data","no data","no data","no data","no data","no data",65.2,57.6,42,39.9,35.7,39.4,42.5,47.7,56.7,62.5,74.7,82,85.1,87.3,72.3,65,65.7,61,69.1,79.3,102.3,98.8,98.6,117.3,111.7,113.4,106.5,122.8,132.4,124.8,129.5,130.4,127.1,122.6,123,123.8
Bolivia,"no data","no data","no data","no data","no data","no data","no data","no data","no data","no data","no data","no data","no data","no data","no data","no data","no data","no data","no data","no data",66.9,60,69.1,74.1,89.8,82.2,54.4,40,36.8,39.2,37.6,35.3,35.4,36.1,37.6,40.9,46.5,51.3,53.1,59.3,78,81.4,82.6,82.3,83.1,83.7,83.9,83.6,83.1
"Bosnia and Herzegovina","no data","no data","no data","no data","no data","no data","no data","no data","no data","no data","no data","no data","no data","no data","no data","no data","no data","no data",54.4,56,34.7,35.2,31.2,27.6,25.5,25.5,21.2,18.7,30.9,35.1,40.8,39.6,42.2,42.5,45.9,45,43.5,37.4,33.8,32.1,36,34.4,29.6,27.6,27.3,26.9,27.9,29.8,30.8
Botswana,"no data","no data","no data","no data","no data","no data","no data","no data","no data","no data","no data","no data","no data","no data","no data","no data","no data","no data",11.3,9.3,8.2,7.5,8.4,7.1,10.7,7.5,6.1,5.9,7.8,18.4,20.8,20.9,20,18.3,18.4,18.2,16.4,14.5,14.9,16.5,18.7,19,19.9,20.6,19.3,18.2,16.7,15.2,13.7
Brazil,"no data","no data","no data","no data","no data","no data","no data","no data","no data","no data","no data","no data","no data","no data","no data","no data","no data","no data","no data","no data",65.6,70.1,78.8,73.8,70.1,68.6,65.8,64.1,62.3,65.5,63,61.2,62.2,60.2,62.3,72.6,78.3,83.6,85.6,87.9,96.8,90.7,85.9,88.4,91.5,93.7,95.2,96,96.2
"Brunei Darussalam","no data","no data","no data","no data","no data",0,0,0,0,0,0,0,0,0,0,0,0,0,0,0,0,0,0,0,0,0,0.6,0.7,0.9,1.1,1.1,2.1,2.1,2.2,3.2,3,3,2.8,2.6,2.6,2.9,2.5,2.1,2.3,2.2,2.1,2,2,1.9
Bulgaria,"no data","no data","no data","no data","no data","no data","no data","no data","no data","no data","no data","no data","no data","no data","no data","no data","no data","no data",67.3,78.7,73.3,67.1,53.4,45.4,37.8,28.5,22.6,17.6,14.7,14.5,14.1,14.3,16.5,17.2,26.3,25.4,27,22.9,20.1,18.3,23.2,22.8,21.8,21.1,22.9,24.7,25.8,26.8,27.7
"Burkina Faso","no data","no data","no data","no data","no data","no data","no data","no data","no data","no data","no data","no data","no data","no data","no data","no data","no data","no data","no data","no data","no data","no data",43.3,39.7,40.7,39.2,20.1,22.4,24.9,20.7,27.8,22.5,23.2,23.8,24.9,31.1,33.5,33.2,38.2,42,44.9,48.2,54.3,58,60.2,61.3,61.3,60.1,58.9
Burundi,"no data","no data","no data","no data","no data","no data","no data","no data","no data","no data","no data","no data","no data","no data","no data","no data","no data","no data","no data","no data",136.4,127.4,159.1,172,172.7,137,130.3,129.6,102.5,25.7,46.9,42.7,41.4,37.9,38,39.9,46.1,46.9,53,60,66,66.6,68.3,69.5,61,54.2,50.5,47.4,44.8
"Cabo Verde","no data","no data","no data","no data","no data","no data","no data","no data","no data","no data","no data","no data","no data","no data","no data","no data","no data",89.5,82.2,70,82.6,79.9,82.5,81.4,83.7,85.3,77.7,65,63,64.1,72.5,78.5,91.1,102.5,115.9,126.6,128.4,127.2,114.6,114,145.1,142.9,127.4,120.2,117.9,113.9,110.4,107.7,103.8
Cambodia,"no data","no data","no data","no data","no data","no data","no data","no data","no data","no data","no data","no data","no data","no data","no data","no data",30.2,31.6,37.2,34.7,35.2,34.9,39.7,43.1,42.7,35.6,30.7,29.4,27,28.5,28.7,29.7,31.5,31.7,31.9,31.2,29.1,30,28.4,28.2,34.4,35.9,36.5,37.5,38.8,39.7,40.4,41.2,41.6
Cameroon,"no data","no data","no data","no data","no data","no data","no data","no data","no data","no data","no data","no data","no data","no data","no data","no data","no data","no data",67.8,68.4,75.9,62.2,56.6,51.5,51.7,43.8,18.4,13.8,11.2,11.3,14,15,14.9,17.5,20.7,31.6,32.1,36.5,38.3,41.6,44.9,46.8,46.4,42.8,40.4,38.5,37.5,37.2,36.8
Canada,44.6,46.1,51.7,57.2,60.2,65.2,69.3,69.8,69.7,71,73.7,81.7,88.2,94.7,97.5,100.1,100.2,95.3,93.3,89,80.4,81.5,79.6,75.9,71.9,70.6,69.9,67.2,70.4,81.9,84,84.3,87.2,87.6,85.5,92,92.4,90.9,90.8,90.2,118.9,115.1,106.6,105.1,102.2,99.2,96.2,93.6,91.1
"Central African Republic","no data","no data","no data","no data","no data","no data","no data","no data","no data","no data","no data","no data","no data","no data","no data","no data","no data",96.1,85.3,84.2,94.7,103.1,98.5,95.9,99.7,103,46.7,47.9,35.8,20.3,19.9,19.7,31.5,51.8,62.2,59.8,53.9,50.3,50,47.1,43.4,47.6,50.7,49.1,48.5,48,46.2,43.4,43
Chad,"no data","no data","no data","no data","no data","no data","no data","no data","no data","no data","no data","no data","no data","no data","no data","no data","no data","no data","no data",58,68,56.4,54.4,44.7,32.6,28.5,26.2,22.1,20.1,31.5,30.1,30.6,28.8,30.6,38.2,42.5,50,48.7,48.4,52.3,54.1,55.9,50.4,43.7,40.1,36.4,33,31,28.8
Chile,"no data","no data","no data","no data","no data","no data","no data","no data","no data","no data","no data",37.1,30.5,28.1,22.6,17.3,14.6,12.8,12.1,13.3,13.1,14.3,15,12.6,10.3,7,5,3.9,4.9,5.8,8.6,11.1,11.9,12.8,15,17.4,21.1,23.7,25.8,28.3,32.4,36.3,38,36.6,38.5,39.4,39.9,39.3,38.5
"China, People's Republic of","no data","no data","no data","no data","no data","no data","no data","no data","no data","no data","no data","no data","no data","no data","no data",21.6,21.4,20.6,20.7,21.9,23,24.6,25.9,26.8,26.4,26.3,25.6,29.2,27.2,34.6,33.9,33.8,34.4,37,40,41.5,50.7,55,56.7,60.4,70.1,71.8,77.1,82.4,87.2,92,96.5,100.8,104.9
Colombia,"no data","no data","no data","no data","no data","no data","no data","no data","no data","no data","no data","no data","no data","no data","no data","no data",23.3,25.3,27.5,34,38,41.1,47.5,45,41.5,38.5,36,32.7,32.4,35.4,36.5,35.8,34,37.6,43.3,50.4,49.8,49.4,53.6,52.4,65.7,64,63.6,62,61.1,60.9,60.1,59.2,58.3
Comoros,"no data","no data","no data","no data",151.3,143.8,137.4,129.4,120.3,113.9,108.4,104.1,101.2,95.9,88,77.9,75.5,71.1,69.5,64.6,60.8,53,48.2,44.5,42.4,39.9,38.5,35.6,33.2,31.7,30.5,27.7,25.1,10.3,11.8,14.1,16,18.6,17.7,22,24,25.4,29.1,32.5,35.7,37.6,38,38.4,39.4
"Congo, Dem. Rep. of the","no data","no data","no data","no data","no data","no data","no data","no data","no data","no data","no data","no data","no data","no data","no data","no data","no data","no data","no data","no data",135,181.6,136,114.5,141.8,96.3,96.3,76.6,75.8,90.6,29.5,24.4,21.3,17.9,15.7,16,18.8,18.5,14.8,14.8,16.7,16.3,14.6,11,9,7.2,5.8,4.6,3.6
"Congo, Republic of ","no data","no data","no data","no data","no data","no data","no data","no data","no data",0,0,0,0,0,0,0,0,0,0,0,145,180.1,163.5,185.3,122.6,99.8,94.7,93.8,69.6,83.8,43.5,34.4,30.2,33.9,42.3,74.2,90.5,94.4,77,84,112.1,107.9,99.6,96.5,89.2,85.9,81.7,76.7,70.2
"Costa Rica","no data","no data","no data","no data","no data","no data","no data","no data","no data","no data","no data","no data","no data","no data","no data","no data",33.7,30.6,40.7,39,38.9,39.6,41.4,40.6,41,37.3,33,27,24,26,28.1,29.5,33.7,35.1,37.4,39.8,44.1,47.1,51.8,56.4,66.9,68,63.8,63.5,62.8,61.9,60.6,59,57.2
Croatia,"no data","no data","no data","no data","no data","no data","no data","no data","no data","no data","no data","no data","no data","no data","no data","no data","no data","no data",23.2,29.8,35.2,37.5,36.7,37.3,39.3,41.8,39.4,38.2,39.9,49.8,58.3,63.4,69,79.2,82.4,82.1,79.4,77.5,74.5,71.9,86.8,78.6,67.5,65.2,64.2,63.3,62.2,61.4,60.1
Cyprus,"no data","no data","no data","no data","no data","no data","no data","no data","no data","no data","no data","no data","no data","no data","no data",46.7,48.8,53.5,55,55.7,56,57.5,61,63,64.7,64,59,53.1,44.1,52.8,55.3,64.8,79.2,102.7,108.8,106.8,102.6,92.6,98.1,90.4,113.5,101.1,86.5,79.6,71.9,67.8,62.6,59.4,56
"Czech Republic","no data","no data","no data","no data","no data","no data","no data","no data","no data","no data","no data","no data","no data","no data","no data",13.6,11.6,12.2,14,15.2,17,22.7,25.8,28.2,28.4,27.7,27.6,27.3,28.1,33.4,37.1,39.7,44.2,44.4,41.9,39.7,36.6,34.2,32.1,30,37.7,42,42.3,43.8,43.3,43.2,43.9,44.9,45.7
"CÃ´te d'Ivoire","no data","no data","no data","no data","no data","no data","no data","no data","no data","no data","no data","no data","no data","no data","no data","no data","no data",84.2,75.2,78,74,71.2,63,56.4,56.7,58.2,57.5,53.5,51.2,46.5,45.6,50,24.7,24.6,26.7,29.2,31.1,32.6,35.3,37.5,46.3,50.9,56.8,63.3,60.6,57.3,55.1,53.7,51.6
Denmark,"no data","no data","no data","no data","no data","no data","no data","no data","no data","no data","no data","no data",66.8,78.6,75.2,71.4,68.3,64.3,60.3,56.8,52.4,48.5,49.1,46.2,44.2,37.4,31.5,27.3,33.3,40.2,42.6,46.1,44.9,44,44.3,39.8,37.2,35.9,34,33.7,42.2,36.6,29.7,30.4,30.3,30.3,30.7,31.1,31.5
Djibouti,"no data","no data","no data","no data","no data","no data","no data","no data","no data","no data","no data","no data","no data","no data","no data","no data","no data","no data","no data","no data","no data","no data","no data","no data","no data","no data","no data","no data","no data",29.6,27.9,25.7,25.1,24.6,26.9,40.3,45.9,48,48.2,41.8,42.3,41,40.6,39,36.7,34.2,32.1,30.5,29.1
Dominica,"no data","no data","no data","no data","no data","no data","no data","no data","no data","no data",54.1,56.9,54,53.4,55.9,57.4,53.7,47.7,56.3,61.8,68.9,98.5,97.9,94.9,86.2,82,77.4,71.8,64.4,62.5,66.8,69.7,73.1,73.9,72.1,68.9,76.5,84,85.6,97.9,114.6,110.2,104.8,96.5,93,90.9,90.3,90,89.7
"Dominican Republic","no data","no data","no data","no data","no data","no data","no data","no data","no data","no data","no data","no data","no data","no data","no data","no data","no data",13.8,13.2,16,16.7,20.4,21.5,48.2,34.3,38.3,36,32.9,33.6,36.7,37.3,39.1,42.3,46.7,44.9,44.7,46.6,48.9,50.5,53.6,71.5,63.2,58.9,58.3,58,57.3,56.5,55.7,54.8
Ecuador,"no data","no data","no data","no data","no data","no data","no data","no data","no data","no data","no data","no data","no data","no data","no data","no data","no data","no data","no data","no data","no data",60.3,52.2,45.1,38.7,34.7,32.3,29,24.6,18.9,18.1,18.5,18.7,23.3,28,35.2,44.6,47,49.1,51.4,60.9,62.3,57.3,"no data","no data","no data","no data","no data","no data"
Egypt,"no data","no data","no data","no data","no data","no data","no data","no data","no data","no data","no data","no data","no data","no data","no data","no data","no data","no data",73.8,72.4,71.7,79.1,85.8,97.1,96.5,98.3,85.9,76.3,66.8,69.5,69.6,72.8,69.9,79.8,80.9,83.8,91.6,97.8,87.9,80.1,86.2,89.9,88.5,92.9,87,85.4,83.4,80.8,78
"El Salvador","no data","no data","no data","no data","no data","no data","no data","no data","no data","no data","no data",43.3,36.4,31.9,30.5,28,28.5,27.8,25.7,28,29.6,36.5,42.3,46,46.8,46.3,46.9,46.3,48.1,59.1,60,59.2,63.6,63.2,65.3,67,68.8,70.5,70.4,71.3,89.4,82.4,77.2,76.1,78.3,78.7,80.8,82.7,83.9
"Equatorial Guinea",146.2,221.1,260.7,259.3,257.9,183.8,152.5,141.3,154.5,187,157,169.5,136.9,152.6,216,136.9,91.2,46.3,59.2,60.5,36.6,25.5,19.4,6.7,4.5,2.8,1.2,0.8,0.5,4.3,7.9,7.2,7.1,6.3,12.6,31.7,41.1,36.2,41.2,43.2,48.4,42.6,27.1,26.4,29.5,30.9,29.4,27.3,29.5
Eritrea,"no data","no data","no data","no data","no data","no data","no data","no data","no data","no data","no data","no data","no data","no data","no data","no data","no data","no data","no data","no data",219.1,238.5,243.4,263.9,193.5,205.3,199,201.3,259.7,206.9,198.4,160.8,154.6,187,136.6,180.7,167.5,202.5,185.6,187.1,179.7,175.4,163.8,146.3,135.3,124.5,113.7,103.4,94.7
Estonia,"no data","no data","no data","no data","no data","no data","no data","no data","no data","no data","no data","no data","no data","no data","no data",8.7,7.3,6,5.4,5.9,5.1,4.8,5.7,5.6,5.1,4.7,4.6,3.8,4.5,7.2,6.7,6.2,9.8,10.2,10.6,10.1,10,9.1,8.2,8.5,18.5,17.6,17.2,21,23.1,24.1,24.6,24.7,24.4
Eswatini,"no data","no data","no data","no data","no data","no data","no data","no data","no data","no data","no data","no data","no data",14.5,12.7,12.1,11.2,12.3,15.2,16.2,17.7,21,16.7,17.2,14.6,13.2,14.2,15.7,14.2,10.3,13.8,14.2,14.4,14.7,13.9,19.3,24.9,27.6,33.9,39.5,41.2,41.5,45.4,39.3,37.2,37.7,38.6,39.8,41.1
Ethiopia,"no data","no data","no data","no data","no data","no data","no data","no data","no data","no data","no data","no data",87.9,141,155.2,146.6,132.8,80.3,89.3,97.8,93.6,97.3,107.4,103.7,103.1,78.2,67.5,39.3,32.3,30,39.4,44.8,39.3,44.1,44.2,50.7,53.1,55.2,58.4,55.8,53.9,53.8,46.4,37.6,33.3,30.9,29.8,29.1,28.5
Fiji,"no data","no data","no data","no data","no data","no data","no data","no data","no data","no data","no data","no data",44.3,45.9,48.8,49.1,50.3,54.4,37.9,34.7,35.9,41.9,44.5,46.4,45.9,45.3,50.3,46.4,47.9,51.5,53.4,51,48.6,47.4,46.2,44.3,44.6,43.4,45.8,48.8,63.1,83,92.8,88.5,87.4,87.9,87.8,87.4,87.2
Finland,10.9,11.5,13.9,15.4,15.2,15.8,16.4,17.6,16.5,14.3,13.9,21.9,39.3,54.1,56.1,55.2,55.3,52.2,46.8,44,42.4,40.9,40.1,42.7,42.6,39.9,38,33.9,32.6,41.5,50.1,51.9,57.7,60.6,64.5,68.3,68,66,64.9,64.9,74.8,72.6,74.8,74.5,75.9,77.8,79.5,80.9,82.1
France,20.8,22,25.4,26.7,29.1,30.7,31.3,33.7,33.6,34.4,35.6,36.5,40.2,46.6,49.9,56.1,60,61.4,61.4,60.5,58.9,58.3,60.3,64.4,65.9,67.4,64.6,64.5,68.1,79,81.8,85.2,89.4,92.2,94.8,95.4,96.1,98.1,97.8,97.4,114.7,112.6,111.1,111.4,112.4,112.8,113.3,114.2,115
Gabon,"no data","no data","no data","no data","no data","no data","no data","no data","no data","no data",90,89.3,87.9,90.1,71.3,73.4,64.5,57,87.6,73.1,72.5,81,81.1,70.2,60.3,49.3,39.6,39.2,20.1,26,21.3,21.4,21.4,31.1,34.1,44.7,64.2,62.9,60.9,59.8,78.3,65.8,55.1,60.3,58.2,56.9,55.7,56.4,56.8
"Gambia, The","no data","no data","no data","no data","no data","no data","no data","no data","no data","no data","no data","no data","no data","no data","no data","no data","no data","no data","no data","no data",73.3,75.2,93.9,91.7,81.3,82.6,87.3,38,39.5,38.9,42.9,49.2,49.5,58.2,71.1,69.4,80.9,87,83.6,83,85.9,83.5,84,73,68.6,63.4,59,54.9,50.9
Georgia,"no data","no data","no data","no data","no data","no data","no data","no data","no data","no data","no data","no data","no data","no data","no data","no data","no data","no data","no data","no data",58.5,53,50.3,54.6,44.3,35.3,28.3,22.5,26.3,33.6,31.9,28.4,28.8,29.5,30.9,36.7,40.3,39.4,38.9,40.4,60.2,49.7,39.8,40.5,40.3,39.7,38.8,38.5,37.8
Germany,"no data","no data","no data","no data","no data","no data","no data","no data","no data","no data","no data",39,41.5,45.1,47.5,54.9,57.8,58.9,59.5,60.4,59.3,58.2,59.9,63.5,65.2,67.5,66.9,64.2,65.7,73.2,82,79.4,80.7,78.3,75.3,71.9,69,64.6,61.3,58.9,68,68.6,66.5,67.2,66.5,64.4,62.3,60.9,59.6
Ghana,"no data","no data","no data","no data","no data","no data","no data","no data","no data","no data",19.2,18.7,23.1,37.2,55.2,51.1,46,48.7,40.6,55.7,80.2,61.9,58,52.8,41.1,34,18.5,22.5,24.6,26.8,34.5,31.3,35.4,42.9,50.1,53.9,55.9,57,62,58.3,72.3,79.6,88.8,98.7,92.8,91.6,90.4,88.6,86.8
Greece,22.7,26.9,29.6,33.9,40.4,47,47.5,52.9,57.6,60.3,73.8,75.3,80.6,101.1,99.1,99.8,102.2,100.3,98.3,99.7,105.8,108,105.8,102.3,103.7,108.3,104.5,104,110.3,127.8,147.5,175.2,162.1,178.8,181.8,179.1,183.7,183.2,190.7,185.5,212.4,200.7,177.4,166,160.5,155.8,151.6,147.5,143.6
Grenada,"no data","no data","no data","no data","no data","no data","no data","no data","no data","no data","no data",42,40.1,45.3,45.7,43.1,43.9,41.4,40.3,34.5,41.6,44.6,79.1,79.6,94.7,87.3,92.9,89.1,83.9,91.1,96.2,102.8,101.5,105.4,99.3,90.1,81.6,70.4,64,58.5,71.4,71,64.5,62.4,59.7,53.9,50.7,48.2,46.1
Guatemala,"no data","no data","no data","no data","no data","no data","no data","no data","no data","no data","no data","no data","no data","no data","no data","no data","no data","no data","no data","no data",18,19.1,17.4,19.8,20.6,20,20.9,20.8,19.6,22.8,24,23.8,24.6,25,24.7,24.8,25,25.1,26.4,26.4,31.5,30.4,30.1,28.6,28.1,27.9,27.7,27.6,27.5
Guinea,"no data","no data","no data","no data","no data","no data","no data","no data","no data","no data",71.6,70.9,62,68.9,71.3,66.5,67.7,67.9,75.9,92.3,91.5,90.4,82.6,81.6,86.9,97.9,95.2,60.8,58.5,61.3,68.9,58.1,27.2,34,35.2,44.4,43,41.9,39.3,38.6,47.5,40.6,33.4,30,30.1,30.3,28.8,28.6,28.4
Guinea-Bissau,"no data","no data","no data","no data","no data","no data","no data","no data","no data","no data","no data","no data","no data","no data","no data","no data","no data",94.3,109.1,109.9,217.1,204.4,197.5,183.4,202,203.7,190.4,164,148.8,148.3,61.7,46.3,48.1,50.4,61.1,57.1,59.8,52.4,59.7,65.8,78.2,78.9,79.5,76.5,74.7,73.1,71.8,70.8,70.1
Guyana,"no data","no data","no data","no data","no data","no data","no data","no data","no data","no data","no data","no data","no data","no data","no data","no data","no data",101.3,108,97.1,97.2,104.6,105.1,95.6,91.8,90.7,74.5,47,47.6,51.7,52.5,51.2,44.3,41.1,38.3,41.8,43.8,42.9,47,43.6,51.1,43.2,27.8,29.8,24.2,24.1,18.9,18.8,18.6
Haiti,"no data","no data","no data","no data","no data","no data","no data","no data","no data","no data","no data","no data","no data","no data","no data","no data","no data",26.2,24,24.1,32.5,28.8,32,37.8,30.4,29.7,32.2,30.2,32.7,18.3,23.2,21.3,22.8,24.4,20.8,21.7,21.6,18.9,21.5,25.4,22,25.6,25,20.3,19.9,19.9,20.4,21.2,22.8
Honduras,"no data","no data","no data","no data","no data","no data","no data","no data","no data","no data",236.5,135.4,123.2,111.7,85.5,65.4,64.6,70.8,67.4,75.8,65.8,63.4,64.2,67.8,60.9,55.6,39.2,24,22.3,20.5,21.7,24.6,26.9,37.1,35,38.3,39.4,41.3,42.4,42.9,52.7,50.3,50,"no data","no data","no data","no data","no data","no data"
"Hong Kong SAR","no data","no data","no data","no data","no data","no data","no data","no data","no data","no data","no data","no data","no data","no data","no data","no data","no data","no data","no data","no data","no data","no data","no data","no data",1.9,1.7,1.4,1.2,1,0.7,0.6,0.6,0.5,0.5,0.1,0.1,0.1,0.1,0.1,0.3,1,1.9,4.3,6.1,7.1,7.8,8.8,9.8,10.6
Hungary,"no data","no data","no data","no data","no data","no data","no data","no data","no data","no data","no data","no data","no data","no data","no data",84.1,71.4,62.3,60.5,60.4,55.7,52.3,55.6,58.1,58.8,60.1,64.1,65.1,71.1,77.2,80,80.3,78.2,77.2,76.5,75.8,74.9,72.1,69.1,65.3,79.3,76.8,76.4,73.2,70,68.2,66.1,64.1,61.3
Iceland,"no data","no data",28.9,30.8,32.4,32,29.9,27.3,30.6,35.3,35.5,37.6,45.4,52.3,54.8,58.1,55.6,52,50.3,76.6,75.8,83.4,82.2,85.1,80.9,68.9,70.7,68.4,110.4,128.8,133.1,138.2,133.9,122,115.3,97.3,82.5,71.7,63.2,66.6,77.8,75.6,68.7,64.7,61.5,57.4,52.9,48.9,44.2
India,"no data","no data","no data","no data","no data","no data","no data","no data","no data","no data","no data",75.3,77.4,77,73.5,69.7,66,67.8,68.1,70,73.6,78.7,82.9,84.4,83.4,81,77.2,74.1,72.8,71.5,66.4,68.6,68,67.7,67.1,69,68.9,69.7,70.4,75,88.5,84.7,83.1,83.2,83.7,83.8,83.8,83.7,83.6
Indonesia,"no data","no data","no data","no data","no data","no data","no data","no data","no data","no data","no data","no data","no data","no data","no data","no data","no data","no data","no data","no data",87.4,73.7,62.3,55.6,51.3,42.6,35.8,38.1,30.3,26.5,26.4,23.1,23,24.9,24.7,27,28,29.4,30.4,30.6,39.7,41.1,39.9,39.1,38.8,38.5,38.1,37.8,37.3
Iran,"no data","no data","no data","no data","no data","no data","no data","no data","no data","no data","no data","no data","no data","no data","no data","no data",35.8,37.7,36.2,27.1,22.2,25.6,28.5,26.8,25.7,22.2,18.2,16.1,12.4,13.3,14.8,12.3,13.6,11.8,12.6,37,47.9,45,42.9,46.7,48.3,42.4,34,32,32.7,34.3,35.8,37.2,38.1
Iraq,"no data","no data","no data","no data","no data","no data","no data","no data","no data","no data","no data","no data","no data","no data","no data","no data","no data","no data","no data","no data","no data","no data","no data","no data",344.3,227.3,143.2,117.1,74.2,87.4,53.5,40.7,34.8,32,32.9,56.9,67,59.1,47.8,45.1,84.3,59.2,43.3,47.9,46.8,50.7,57.5,64.7,71.7
Ireland,"no data","no data","no data","no data","no data","no data","no data","no data","no data","no data","no data","no data","no data","no data","no data",78.5,69.8,61.6,51.4,46.6,36.4,33.6,30.9,29.8,28.1,26.1,23.6,23.9,42.5,61.8,86.2,110.5,119.6,119.9,104.3,76.7,74.3,67.6,63,57,58.4,55.4,45.2,39.9,36.1,33.2,30.7,27.7,25.2
Israel,"no data","no data","no data","no data","no data","no data","no data","no data","no data","no data","no data","no data","no data","no data","no data","no data","no data","no data","no data","no data",77.4,81.3,87.3,89.7,88.3,85.4,77.7,70.9,70.4,73,69.3,67.4,67.1,66,64.9,63.1,61.4,59.7,59.9,58.8,70.7,68,60.9,57.6,55.3,54.5,54.1,53.7,53.5
Italy,"no data","no data","no data","no data","no data","no data","no data","no data",95.9,98.6,101.9,105.5,113.2,124.3,131.1,119.4,119.1,116.8,114.1,113.3,109,108.9,106.4,105.5,105.1,106.6,106.7,103.9,106.2,116.6,119.2,119.7,126.5,132.5,135.4,135.3,134.8,134.2,134.4,134.1,154.9,149.8,144.7,140.3,140,138.5,136.9,134.8,131.9
Jamaica,"no data","no data","no data","no data","no data","no data","no data","no data","no data","no data","no data","no data","no data","no data","no data","no data","no data","no data","no data",82.7,91.8,108,118.4,86.9,93.6,97.7,94.7,97.8,93.8,96.1,109.7,122.7,123.7,120.2,122.9,120.1,121,106.7,99,94.3,109.7,94.2,84.1,77.9,74,69.8,64,59.5,52.6
Japan,47.8,52.9,57.8,63.6,65.6,68.3,74,75.7,71.8,65.5,63,62.2,66.6,72.7,84.4,92.5,98.1,105,116,129.5,135.6,145.1,154.1,160,169.5,174.6,174.1,173,180.9,198.8,205.9,219.2,226.1,229.5,233.3,228.3,232.4,231.3,232.4,236.4,258.7,255.4,261.3,258.2,256.3,257.6,259.2,261.5,264
Jordan,"no data","no data","no data","no data","no data","no data","no data","no data",183.8,219.1,227.5,207.7,155.1,140.6,129,117.8,116.5,109,110.8,109,99.3,94.4,94.9,88.8,81.5,73,66.3,64.3,54.2,58,59.4,62.1,70.5,75.6,75,78.4,77.4,75.7,74.3,77.2,87,90.9,89.4,87.9,85.6,83.2,80.2,77.4,75.8
Kazakhstan,"no data","no data","no data","no data","no data","no data","no data","no data","no data","no data","no data","no data","no data","no data","no data","no data","no data","no data","no data","no data","no data","no data",17.6,15,11.4,8.1,6.7,4.1,6.8,10.2,10.7,10.2,12.1,12.6,14.5,21.9,19.7,19.9,20.3,19.9,26.4,25.1,23.5,25.9,27,29,31.4,33.1,34.8
Kenya,"no data","no data","no data","no data","no data","no data","no data","no data","no data","no data","no data","no data","no data","no data","no data","no data","no data","no data",38.5,38.4,43.1,41.3,42,43.8,40.8,37.4,37.1,34.2,34.3,36,36.7,35.7,37.6,39.8,41.3,45.8,50.4,53.9,56.4,59.1,67.8,67,67.9,66.6,65.4,64.1,62.7,61.1,59.5
Kiribati,"no data","no data","no data","no data","no data","no data","no data","no data",2.1,4.3,6.6,7.3,9.4,13.7,15,15,13.4,12.8,11.2,13.2,11.9,15.4,11.8,11.2,12,10.5,11.3,9.9,12.9,9.3,8.5,8.1,7.5,8.3,8.8,20,23.5,22.8,21.6,22.4,20.6,17.1,15.2,13,23.4,32.8,41,53,63.4
"Korea, Republic of","no data","no data","no data","no data","no data","no data","no data","no data","no data","no data",13.2,12.3,12,11.2,10,8.8,8.1,10,14.3,16.3,16.7,17.2,17,19.8,22.4,25.9,28.1,27.4,26.9,30,29.5,33.1,35,37.7,39.7,40.8,41.2,40.1,40,42.1,48.7,51.3,54.3,55.3,55.9,56.6,57.2,57.8,58.2
Kosovo,"no data","no data","no data","no data","no data","no data","no data","no data","no data","no data","no data","no data","no data","no data","no data","no data","no data","no data","no data","no data","no data","no data","no data","no data","no data","no data",16.3,14.3,10.8,6.9,6.5,5.6,8.6,9.4,11.2,13.4,14.5,16.4,17.1,17.7,22.5,21.6,19.3,20.3,21.9,22.7,23.5,24.3,25
Kuwait,"no data","no data","no data","no data","no data","no data","no data","no data","no data","no data","no data",151.1,117.7,88.9,88.5,78,59,52.2,55.1,46.6,34.9,35.1,30,23,17.3,11.8,8.3,7,5.4,6.7,6.2,4.6,3.6,3.1,3.4,4.7,9.9,20.5,15.1,11.6,11.7,8.7,2.9,3,3,6.1,9.7,11.2,15.2
"Kyrgyz Republic","no data","no data","no data","no data","no data","no data","no data","no data","no data","no data","no data","no data","no data","no data","no data","no data","no data","no data","no data","no data",123.3,108.2,107.9,108.2,92.7,85.7,73.4,57.7,49,58.5,59.7,50.1,50.5,47.1,53.6,67.1,59.1,58.8,54.8,51.6,67.6,59.5,53.5,53,52.9,53.7,54.5,55.6,57.1
"Lao P.D.R.","no data","no data","no data","no data","no data","no data","no data","no data","no data","no data","no data","no data","no data","no data","no data","no data","no data","no data","no data","no data","no data",94.7,95.3,90.1,80.7,73.2,60,55.9,51.7,51.8,49.3,43,46.1,49.5,53.5,53.1,54.5,57.2,60.6,69.1,76,92.4,128.5,123,119.9,115.8,112.2,108.1,104.1
Latvia,"no data","no data","no data","no data","no data","no data","no data","no data","no data","no data","no data","no data","no data","no data","no data","no data","no data","no data",9.6,14.4,14.7,17.5,14.9,14.3,14.1,11.5,9.6,8.1,17.9,35.6,46.5,44.5,42.7,40.4,41.6,37.1,40.4,39,37.1,36.7,42.1,44.7,41.6,42,41,41.2,39.9,37.8,37.3
Lebanon,"no data","no data","no data","no data","no data","no data","no data","no data","no data","no data","no data","no data","no data","no data","no data","no data","no data","no data","no data","no data",148.1,163.1,163.1,171.3,169.5,178.9,183.3,169.3,161.5,144.5,136.8,134.4,131.1,135.4,138.4,140.8,146.4,150,155.1,172.3,150.6,"no data","no data","no data","no data","no data","no data","no data","no data"
Lesotho,"no data","no data","no data","no data","no data","no data","no data","no data",23.3,25.5,18,11.9,64.4,71.2,67,62.8,71.6,65.7,79.4,83,88.5,108.7,79.6,52.6,49.4,41,43.7,44.3,44.2,38,35.5,35.3,37.3,39.6,38.1,43.2,43.6,44.1,45.9,48.9,60,56.4,57.9,58.5,57.3,55.7,55,54.5,54.4
Liberia,"no data","no data","no data","no data","no data","no data","no data","no data","no data","no data","no data","no data","no data","no data","no data","no data","no data","no data","no data","no data",468.1,465.2,463.6,600.1,543.4,488.5,451,366.8,235.3,132.2,25.4,22.5,20.5,20.6,24.3,24.8,28.6,31.8,37.1,48.5,58.7,53.3,55.4,57.1,56.1,54.9,53.4,52.3,52.1
Lithuania,"no data","no data","no data","no data","no data","no data","no data","no data","no data","no data","no data","no data","no data","no data","no data","no data","no data","no data",21.8,28.1,23.5,22.9,22.2,20.4,18.7,17.6,17.3,15.9,14.6,28,36.2,37.1,39.7,38.7,40.5,42.7,39.9,39.3,33.7,35.8,46.3,44,39.6,40.2,39.1,38,36.8,35.8,35
Luxembourg,"no data","no data","no data","no data","no data","no data","no data","no data","no data","no data","no data","no data","no data","no data","no data",10.3,10.2,10.1,9.5,8.4,7.5,7.6,7.5,7.4,7.8,8,8.2,8.1,14.6,15.3,19.1,18.5,20.9,22.4,21.9,21.1,19.6,21.8,20.9,22.4,24.5,24.5,24.3,27.4,29.2,29.7,29.7,29.5,29.3
"Macao SAR","no data","no data","no data","no data","no data","no data","no data","no data","no data","no data","no data","no data","no data","no data","no data","no data","no data","no data","no data","no data","no data",0,0,0,0,0,0,0,0,0,0,0,0,0,0,0,0,0,0,0,0,0,0,0,0,0,0,0,0
Madagascar,"no data","no data","no data","no data","no data","no data","no data","no data","no data","no data",92.7,113.8,110.9,105.2,96,95.8,98.7,89.7,108.5,104.1,90.2,82.1,86.7,85.9,81.9,74.4,32.2,28.2,31,34.9,32.3,29.9,30.4,36.2,37.8,44.1,40.3,40.1,42.9,41,51.2,52.3,57,53.1,52,52.2,53.1,54.6,56
Malawi,"no data","no data","no data","no data","no data","no data","no data","no data","no data","no data","no data","no data","no data","no data","no data","no data","no data","no data","no data","no data","no data","no data",101.5,84.7,74.7,70.9,17.9,18.9,23.5,23.5,19.3,20,28.6,35.3,33.5,35.5,37.1,40.3,43.9,45.3,54.8,61.6,70.1,72.2,69.4,66.6,63.5,60.4,56.6
Malaysia,"no data","no data","no data","no data","no data","no data","no data","no data","no data","no data",74.1,67.3,59.1,51.1,43.7,38.2,32.8,29.6,33.6,34.4,32.5,38.1,39.5,41.4,42,40.8,39.7,39.3,39.4,50.4,51.2,51.9,53.8,55.7,55.4,57,55.8,54.4,55.6,57.1,67.7,69.3,66.3,67,67.1,67.5,68,69,70
Maldives,"no data","no data","no data","no data","no data","no data","no data","no data","no data","no data","no data","no data","no data","no data","no data","no data","no data",38.1,39.3,38.9,39,41.8,44.3,37.6,34.7,43.2,36.8,35.8,39,48.4,52.7,51.9,57.1,55.9,55.1,54.9,62.3,64.6,72,78.8,154.4,120.1,114.9,108.9,108,103.5,99.1,95.4,91.6
Mali,"no data","no data","no data","no data","no data","no data","no data","no data","no data","no data","no data","no data","no data","no data","no data","no data","no data","no data","no data","no data",90.5,77.5,42.6,44.1,42.4,46.6,18.1,18.5,20.1,21.9,25.3,24,25.4,26.4,26.9,30.7,36,36,37.5,40.7,46.9,50.7,53.2,54.1,54.9,55.4,55.5,56,56.7
Malta,"no data","no data","no data","no data","no data","no data","no data","no data","no data","no data","no data","no data","no data","no data","no data",44.9,51,60.3,65.8,69.2,63.9,69.7,64.8,68.2,70.5,69.9,64.3,61.9,61.8,66.3,65.5,70,66.6,66.4,62.1,56.2,54.7,47.8,43.7,40.3,52.9,55.1,55.8,56.9,57.1,56.6,56.1,55.9,55.5
"Marshall Islands","no data","no data","no data","no data","no data","no data","no data","no data","no data","no data","no data","no data","no data","no data","no data","no data","no data",8.6,17.9,25.6,27.4,32.9,37.2,43.8,46.9,46.2,44.9,42.8,42.5,41.6,39,35.9,37.6,33.6,35.7,33.9,29.3,25.6,24.5,24.8,21.6,19.8,21.2,22.1,24.3,26.9,29.2,31.3,34.2
Mauritania,"no data","no data","no data","no data","no data","no data","no data","no data","no data","no data","no data","no data","no data","no data","no data","no data","no data","no data","no data","no data",55.5,63.5,59.5,22.9,22,71.1,38,61.5,57.2,48.5,43.9,38.8,39.3,40,48.5,58.7,56.6,54.8,57.9,55.7,55.8,50.9,47.7,47.9,48.2,49.1,49.8,49.7,49.7
Mauritius,"no data","no data","no data","no data","no data","no data","no data","no data","no data","no data","no data","no data","no data","no data","no data","no data","no data","no data","no data","no data",56.9,58.2,63,66.9,59.4,58.3,55.3,48.8,48.8,56.8,54.4,54.9,54.3,56.6,59.2,63.2,63,62.2,64,82.2,94.6,88.4,80.9,78.1,77.1,76.2,75.7,75.5,67.7
Mexico,"no data","no data","no data","no data","no data","no data","no data","no data","no data","no data","no data","no data","no data","no data","no data","no data",44.7,40.9,42,43.8,40.3,39.3,41.9,44.2,40.8,38.5,37.4,37.2,42.5,43.7,42,42.9,42.7,45.9,48.9,52.8,56.7,54,53.6,53.3,60.1,58.7,56,55.6,55.8,56.3,56.9,57.5,57.9
"Micronesia, Fed. States of","no data","no data","no data","no data","no data","no data","no data","no data","no data","no data","no data","no data","no data","no data","no data",54,43.9,47.2,42.1,35.8,27,23.6,24,24.6,25.3,24.7,25,25.7,28.9,30.7,28.8,28.3,27,27.6,28.1,25.6,24.2,21.9,19.6,17.8,18.3,15.5,14,11.9,16.5,22.5,28.7,35,41
Moldova,"no data","no data","no data","no data","no data","no data","no data","no data","no data","no data","no data","no data","no data","no data","no data",79.5,87.5,89,159.4,150.7,89.1,85.4,80.3,68.1,49.3,40.4,35,28.3,22.2,32.6,25.5,24.2,31.3,30,35,42.4,39.2,34.9,31.8,28.8,36.6,33.1,33.5,34.5,36.7,36.9,36.9,36.9,34.9
Mongolia,"no data","no data","no data","no data","no data","no data","no data","no data","no data","no data","no data","no data","no data","no data","no data","no data","no data","no data","no data","no data","no data","no data","no data","no data","no data","no data",40.9,36.1,31,48.5,31,32.7,43.7,49.4,56.3,65.1,95.3,102.8,90.7,79.2,97.4,79.7,82.4,76.2,73,70.2,68.7,67.5,65.7
Montenegro,"no data","no data","no data","no data","no data","no data","no data","no data","no data","no data","no data","no data","no data","no data","no data","no data","no data","no data","no data","no data","no data","no data",76.7,40.9,45.4,38.6,36.7,31.8,34.2,43.7,45,48.6,56.9,58.7,63.4,68.8,66.4,66.2,71.9,78.8,107.3,86.6,71.2,67.8,67.6,69,70.9,73.1,73
Morocco,"no data","no data","no data","no data","no data","no data","no data","no data","no data","no data",70.5,59.1,67,74.7,69.3,72.2,65.3,68,64.5,63.4,64.9,60.4,59.4,56.9,54.4,54.8,50.6,47.1,42,42.6,45.3,48.6,52.3,57.1,58.6,58.4,60.1,60.3,60.5,60.3,72.2,68.9,68.8,68.3,68.4,68.2,67.7,66.9,66.2
Mozambique,"no data","no data","no data","no data","no data","no data","no data","no data","no data","no data","no data","no data","no data","no data","no data","no data","no data","no data","no data",99.6,100.5,104.4,66.4,66,52.8,62.4,41.5,32.3,33.7,40.5,39.6,34.7,37.4,50.1,64.3,87.4,126.2,104.1,106.7,99,120,107.2,104.5,102.8,103.1,101.4,97.8,82.9,67.6
Myanmar,"no data","no data","no data","no data","no data","no data","no data","no data","no data","no data","no data","no data","no data","no data","no data","no data","no data","no data",201.3,145.4,158.7,252.8,183.9,140.9,122.1,114.8,99.5,74.6,57.7,54.4,52.5,47.9,36.5,36.1,35.2,36.4,38.3,38.5,40.4,38.8,39.3,65.5,63.9,61.3,63.3,65.4,67.3,66.5,65.2
Namibia,"no data","no data","no data","no data","no data","no data","no data","no data","no data","no data","no data","no data","no data",17.2,16.4,18,18.7,17.7,19.6,21.8,20.9,24.4,22.2,27.1,29.2,26.9,26.1,19.4,19.1,15.9,16.3,27.4,24.6,26.1,27.6,42.1,45.8,43.8,50.4,59.4,66.6,72,71.3,68.5,66.8,65.5,64.2,62.7,61
Nauru,"no data","no data","no data","no data","no data","no data","no data","no data","no data","no data","no data","no data","no data","no data","no data","no data","no data","no data","no data","no data","no data","no data","no data","no data","no data","no data","no data","no data","no data",246.7,242.5,188.9,123.1,126.9,112.5,82.2,81.8,78,71.1,59.6,56.3,24.8,24.3,29.2,26.1,23.2,20.2,17.1,14.7
Nepal,"no data","no data","no data","no data","no data","no data","no data","no data","no data","no data","no data","no data","no data","no data","no data","no data","no data","no data","no data","no data",50.8,50.8,51.8,53,51.3,45.1,42.9,37.9,36.8,39.5,35.4,32.4,34.5,31.9,27.6,25.7,25,25,31.1,34,43.3,44,43.8,47.8,48.8,49.8,50.2,50,49.9
Netherlands,43.6,46.9,52.5,58.5,62,67.2,69,71.4,73.8,73.8,75.1,74.9,75.7,76.8,73.6,73.1,71.4,65.8,62.8,58.7,52.2,49.5,48.9,50,50.3,49.8,45.2,43,54.7,56.8,59.3,61.7,66.2,67.7,67.9,64.6,61.9,57,52.4,48.5,54.7,52.4,48.5,48.2,47.3,47,46.5,46.2,46.3
"New Zealand","no data","no data","no data","no data","no data",64.2,68.6,63,54.8,54.9,55.4,58,58.7,54.6,48.9,43.5,37.3,34.6,34.5,32,30,28.2,26.4,24.7,22.5,20.8,18.4,16.3,19,24.3,29.7,34.7,35.7,34.6,34.2,34.2,33.4,31.1,28.1,31.8,43.3,50.1,52.8,49.9,45.5,41.1,38.8,36.5,34.9
Nicaragua,"no data","no data","no data","no data","no data","no data","no data","no data","no data","no data","no data","no data","no data","no data","no data","no data","no data",86.4,86.5,99.8,95.2,87.5,110.4,109.5,84,66.6,51.2,30.9,26,29.3,30.3,28.8,27.9,28.8,28.7,28.9,30.9,33.8,37.4,41.4,47.7,47.6,46,44.5,45,45.4,46.5,46.8,46.1
Niger,"no data","no data","no data","no data","no data","no data","no data","no data","no data","no data","no data","no data","no data","no data","no data",69.4,63.5,69.1,61.3,63.3,82.1,74,69,60.6,55,49.5,18.3,17.8,14.2,15.9,15.1,14.7,18.1,19.6,22.1,29.9,32.8,36.5,39.5,40.5,45,51.3,51.1,52.5,49.4,48.1,47.2,46.7,46.3
Nigeria,"no data","no data","no data","no data","no data","no data","no data","no data","no data","no data",71.7,75,70.2,71,55.9,34,25.2,24.1,22.3,64.9,57.6,53.1,43.3,42.1,35.5,18.9,9.4,8.1,7.3,8.6,9.4,17.4,17.6,18.3,17.5,20.3,23.4,25.3,27.7,29.2,34.5,36.5,38,38.8,39,40.3,41.5,42.3,43.1
"North Macedonia ","no data","no data","no data","no data","no data","no data","no data","no data","no data","no data","no data","no data","no data","no data","no data","no data","no data","no data","no data",29.8,45.6,45.2,40.5,36.5,34.6,36.7,30.6,23.5,20.6,23.7,24.3,27.7,33.7,34,38,38.1,39.8,39.4,40.4,40.4,50.8,53.4,51.8,51.9,50.8,51.1,50.5,49.9,49.6
Norway,47.7,43.4,38.5,35.4,35.2,36.9,46,38.5,32.4,32.3,28.9,39.2,45,53.7,50.6,32.7,28.4,25.8,23.6,25,28.7,27.2,33.9,43.1,43.8,42.3,52.6,49.5,47.5,42.5,43,29.6,30.9,31.4,29.7,34.3,37.9,38.3,39.4,40.6,46.1,42.7,39.6,38.8,38.5,38,37.5,37,37
Oman,"no data","no data","no data","no data","no data","no data","no data","no data","no data","no data",17.8,22.6,23.1,22.2,23.6,21.9,21.2,20.8,30.9,28.9,21.7,22.5,15.9,13,14.5,8.4,7.6,4.4,3.2,5.8,5.5,4.4,4.6,4.7,4,13.9,29.3,40.1,44.7,52.5,69.7,61.3,40.1,42.8,40.6,39.8,38.9,38.4,36.8
Pakistan,"no data","no data","no data","no data","no data","no data","no data","no data","no data","no data","no data","no data","no data","no data",64.8,58,58.2,58.5,59.5,67.2,68.4,72.2,67.6,62.7,56.3,52.3,48.4,47.1,51.9,52.8,54.5,52.8,56.7,57.9,57.1,57,60.8,60.9,64.8,77.5,79.6,73.6,75.8,73.6,68.9,67.8,67.6,67.1,66.1
Panama,"no data","no data","no data","no data","no data","no data","no data","no data","no data","no data","no data","no data","no data","no data",81.2,79.5,67.4,62.4,60.3,57.4,55.8,60.2,59.3,58.8,61.2,61.7,56.9,49.4,41.6,41.6,40.5,37.8,36,35.6,36.6,36,35.3,35.3,37.3,41.9,65.6,58.4,54.9,54.3,53.6,52.7,51.9,51,50.3
"Papua New Guinea","no data","no data","no data","no data","no data","no data","no data","no data","no data","no data","no data","no data","no data","no data",40.1,36.6,37.8,43.9,45.7,41.8,42.3,47.7,48.4,40.4,37.2,31.6,26,22.2,21.6,21.7,17.3,16.3,19.1,24.9,26.9,29.9,33.7,32.5,36.7,40.2,48.7,52.1,49.2,48,47.6,46.7,43.5,40.5,39.3
Paraguay,"no data","no data","no data","no data","no data","no data","no data","no data","no data","no data",67,49.4,34.4,26.6,18.7,17.6,16.8,18,22.1,32,33.6,37.1,50.5,37.5,36,28.3,21,16.8,16,14.9,13,11.1,12.3,13.5,15.6,18.6,19.4,19.8,22.3,25.8,36.9,37.5,40.9,40.4,40.3,39.2,38.5,37.7,36.7
Peru,"no data","no data","no data","no data","no data","no data","no data","no data","no data","no data","no data","no data","no data","no data","no data","no data","no data","no data","no data","no data",44.9,43.8,45.5,49.4,46.7,40.4,34.9,31.9,28,28.3,25.3,23,21.1,19.9,20.6,24,24.3,25.2,26,26.9,35,36.4,33.4,33,33.3,33.2,32.8,32.3,31.9
Philippines,"no data","no data","no data","no data","no data","no data","no data","no data","no data","no data","no data","no data","no data",73.9,63.6,60.8,53.1,56.9,50.8,54.2,59.2,59.5,65.2,71.4,71.1,64.7,57.2,50.2,50,49.8,47.6,45.4,45.7,43.8,40.2,39.6,37.3,38.1,37.1,37,51.6,57,57.5,56.7,56.8,56.3,55.4,54.1,52.6
Poland,"no data","no data","no data","no data","no data","no data","no data","no data","no data","no data","no data","no data","no data","no data","no data",48.7,43.1,42.7,38.7,39.3,36.4,37.1,41.5,46.4,45.1,46.6,47.3,44.5,46.7,49.8,54,55.1,54.8,57.1,51.4,51.3,54.5,50.8,48.7,45.7,57.2,53.8,49.6,50.7,51.7,52.4,53.6,54.1,54.5
Portugal,"no data","no data","no data","no data","no data","no data","no data","no data","no data","no data",60.2,63.9,58.1,57.2,60.4,62.2,63.3,58.7,55.6,55.4,54.2,57.4,60,63.9,67.1,72.2,73.7,72.7,75.6,87.8,100.2,114.4,129,131.4,132.9,131.2,131.5,126.1,121.5,116.6,134.9,125.4,116,112.4,108.6,105.2,102.2,99.3,96.5
"Puerto Rico","no data","no data","no data","no data","no data","no data","no data","no data","no data","no data","no data","no data","no data","no data","no data","no data","no data","no data","no data","no data","no data","no data","no data","no data","no data","no data",33.4,36.9,40.8,46.5,48.3,50,53.7,52.3,54.5,52.7,49.9,51.2,52.4,48.8,50.2,48.8,16.3,15.2,14.6,13.9,13.1,12.4,11.6
Qatar,"no data","no data","no data","no data","no data","no data","no data","no data","no data","no data",12.6,21.8,19.9,46.3,54.8,50.2,57.8,54.4,76.6,81.8,51.6,59.2,47.7,38.8,30.1,19.1,13.9,9.4,11.4,36,30.4,33.5,32.1,30.9,24.9,35.5,46.7,51.6,52.2,62.1,72.6,58.4,45.3,45.5,42.9,40.4,37.9,35.9,33.9
Romania,"no data","no data","no data","no data","no data","no data","no data","no data","no data","no data","no data","no data","no data","no data","no data","no data","no data","no data","no data","no data",29.6,27.4,27.4,24.9,21.3,17.8,12.7,12.4,13,22.5,30.2,32.6,36.2,39.3,40.5,39.4,39.5,37.1,36.2,36.6,49.4,51.1,48.7,48.3,49.3,50.3,51.4,52.8,54.3
"Russian Federation","no data","no data","no data","no data","no data","no data","no data","no data","no data","no data","no data","no data","no data","no data","no data","no data","no data",51.5,135.2,92.4,55.9,44.4,37.6,28.3,20.8,14.9,9.8,8,7.4,9.9,10.1,10.3,11.2,12.3,15.1,15.3,14.8,14.3,13.6,13.7,19.2,16.5,19.6,24.9,25.3,25.3,24.3,23.2,21.5
Rwanda,"no data","no data","no data","no data","no data","no data","no data","no data","no data","no data","no data","no data","no data","no data","no data",100.8,83.4,72.2,70.1,78.4,86,84,92.1,79.6,80.9,59,22.5,22.1,18.3,18.5,18.8,18.7,19.1,26.1,28.3,32.4,36.6,41.3,44.9,49.8,65.6,66.6,64.4,67.1,71.1,70.7,68.9,67,62.9
"Saint Kitts and Nevis","no data","no data","no data","no data","no data","no data","no data","no data","no data","no data","no data","no data","no data","no data","no data","no data",48.9,66.5,77.4,89.2,96.5,105.2,119.7,140.7,153.1,156.8,141.9,134,124.6,131.9,141.7,132.1,122.6,91,72.3,64.5,57.4,55.8,53.7,54.1,63.1,70,64.8,63,62.5,61.8,61.2,60.4,59.7
"Saint Lucia","no data","no data","no data","no data","no data","no data","no data","no data","no data","no data",17.1,19.7,22.6,23.1,23.8,23.1,24.4,27.1,29.6,29.4,33.4,38.8,48.6,45.6,49.7,51.4,48,48.2,46.9,50.2,52.2,54.9,60.2,61.2,61.9,60.6,60.3,60,60.4,62.1,96.9,90.8,83.5,82.7,83.4,83.3,82.8,82.4,81.9
"Saint Vincent and the Grenadines","no data","no data","no data","no data","no data","no data","no data","no data","no data","no data",55.3,53.5,50.7,49.3,54.2,47.6,41.2,39.3,39.9,53.4,54.2,51.9,53.2,55.3,58.5,50.5,44.7,48.4,50.2,57.2,61.1,64,67.8,70,75.1,75.1,79.4,69,69.4,68.1,79.5,89.3,86.8,86.3,90.1,89.7,85.7,81.9,77.9
Samoa,"no data","no data","no data","no data","no data","no data","no data","no data","no data","no data","no data","no data","no data","no data","no data","no data","no data","no data",58.9,59.4,55.8,53.8,50.3,42.8,39.8,34.2,33.5,31.5,28.2,33.3,40.3,41.5,50.9,54.1,54.9,56.4,49,46.7,49.4,44.3,43.3,46.3,43.7,38.5,39.3,39.7,40.2,40.8,41.2
"San Marino","no data","no data","no data","no data","no data","no data","no data","no data","no data","no data","no data","no data","no data","no data","no data","no data","no data","no data","no data","no data","no data","no data","no data","no data",16.9,14.5,14.2,12.6,15.5,20.1,20,16.6,17.2,23.2,21,19.3,21.5,56.7,57.2,57.4,71.6,86.3,81.2,90.6,80.4,79.9,79.3,78.6,77
"Saudi Arabia","no data","no data","no data","no data","no data","no data","no data","no data","no data","no data","no data",39.4,47.8,58.6,67.9,74.2,75.2,76.7,101.5,103,86.7,93.1,96.4,81.6,62.9,37.3,25.8,17.1,12.1,14,8.4,5.3,3,2.1,1.5,5.7,12.7,16.5,17.6,21.6,31,28.8,22.6,23.6,23.1,22.3,21.5,20.7,19.9
Senegal,"no data","no data","no data","no data","no data","no data","no data","no data","no data","no data","no data","no data","no data","no data","no data","no data",0.1,67.8,18.8,15,57.5,53.2,52,42.9,38,36.1,17.5,19,19.1,29.9,34.6,32.9,34.5,36.9,42.4,44.5,47.5,61.1,61.5,63.6,69.2,73.2,75,73.1,69.9,69.3,69,69,65
Serbia,"no data","no data","no data","no data","no data","no data","no data","no data","no data","no data","no data","no data","no data","no data","no data","no data","no data","no data","no data","no data",213.8,100.6,71.7,67.6,59.1,51.3,38,31.2,30.6,33.9,39.8,43.7,53.9,56.4,66.2,69.9,67.4,57.5,53.3,51.7,56.9,56.3,53.5,50.2,46.1,44.1,42,39.7,38.9
Seychelles,"no data","no data","no data","no data","no data","no data","no data","no data","no data","no data",80.4,89.2,79.9,82.2,123.5,133.5,146.7,143,161.2,159.8,177.8,199.8,195.9,177,163.2,144.1,135.1,144,192.1,106.1,82.2,82.5,80.1,68.2,70.4,65.3,66.1,60.3,55.9,54.2,84.8,72.9,63.4,62.5,60,55.8,51.6,47.5,43.7
"Sierra Leone","no data","no data","no data","no data","no data","no data","no data","no data","no data","no data","no data","no data","no data","no data","no data","no data","no data","no data","no data","no data","no data",180.7,158.8,160.3,151.6,130.9,103.2,42.2,53.4,48.1,46.8,42,36.4,30.6,35.1,47.6,60.7,69.2,69.1,72.4,76.3,79.3,98.8,92.2,84.9,78.8,71.7,66.2,65.8
Singapore,"no data","no data","no data","no data","no data","no data","no data","no data","no data","no data",73.5,76.4,79,71.2,70.7,69.8,71.3,70.8,84.6,85.3,82.3,94.5,96.3,99.1,95.7,92.7,86.5,87.8,97.9,101.7,98.7,103.1,106.7,98.2,97.7,102.2,106.5,107.8,109.4,127.8,149,147.7,134.2,134.5,134.9,135.4,135.9,136.4,136.8
"Slovak Republic","no data","no data","no data","no data","no data","no data","no data","no data","no data","no data","no data","no data","no data","no data","no data",21.6,30.6,33,33.9,47.1,50.5,51.1,45.3,43.2,41.7,34.7,31.4,30.3,28.6,36.4,40.6,43.2,51.7,54.7,53.5,51.7,52.3,51.5,49.4,48,58.9,62.2,58.8,57.4,57.4,58.2,59.6,60.9,62
Slovenia,"no data","no data","no data","no data","no data","no data","no data","no data","no data","no data","no data","no data","no data","no data","no data",18.2,21.6,22.1,22.7,23.7,25.9,26.1,27.4,26.8,26.9,26.4,26.1,22.8,21.8,34.5,38.3,46.5,53.6,70,80.3,82.6,78.5,74.2,70.3,65.4,79.6,74.5,70.2,67.7,65.9,64.1,62.3,60.6,59
"Solomon Islands","no data","no data","no data","no data","no data","no data","no data","no data","no data","no data","no data","no data","no data","no data","no data","no data","no data",25.9,39.5,42,44.3,52.8,65.7,61.3,58.2,44.7,42.3,33,28.9,18.9,22.9,18.3,15.2,13.5,10.5,9,7.1,8.5,7.9,7.9,13.5,15.4,16.9,22.2,25.7,27.8,29.3,30.8,32.2
"South Africa","no data","no data","no data","no data","no data","no data","no data","no data","no data","no data","no data","no data","no data","no data","no data","no data","no data","no data","no data","no data",37.9,38,31.8,31.5,30.7,29.6,28,24.3,24,27,31.2,34.7,37.4,40.4,43.3,45.2,47.1,48.6,51.7,56.2,69,69,71,72.3,74,77.1,80,82.4,84.9
"South Sudan, Republic of","no data","no data","no data","no data","no data","no data","no data","no data","no data","no data","no data","no data","no data","no data","no data","no data","no data","no data","no data","no data","no data","no data","no data","no data","no data","no data","no data","no data","no data","no data","no data",0,8.9,17.6,38.1,57.2,125.6,117.6,69.2,42.8,49.9,58.5,39.6,48.4,46.1,42.7,38.4,35.8,29.7
Spain,16.6,20,25.1,30.4,37.1,42.1,43.3,43.1,39.6,41,42.5,43.1,45.4,56.2,58.7,63.4,67.5,66.2,64.2,62.5,57.8,54,51.2,47.7,45.4,42.4,39.1,35.8,39.7,53.3,60.5,69.9,90,100.5,105.1,103.3,102.7,101.8,100.4,98.2,120.4,118.4,112,110.5,108.3,107.9,108.3,108.7,109.3
"Sri Lanka","no data","no data","no data","no data","no data","no data","no data","no data","no data","no data",78.9,80.5,77.9,79.2,77.9,77.8,76.2,70.1,74.2,77.7,79.2,84.4,96.3,86.5,86.5,76.6,74.3,71.8,68.8,72.8,68.7,69.4,67.5,69.5,69.6,76.3,75,72.3,83.6,82.6,95.7,102.2,117.7,"no data","no data","no data","no data","no data","no data"
Sudan,"no data","no data","no data","no data","no data","no data","no data","no data","no data","no data","no data","no data",495.2,285.9,386.5,239,220.9,167.7,179.7,160.5,143.2,125.6,121.7,117.4,97.8,75.5,63.7,53.7,55.8,71,74.6,78.1,117.7,105.8,84.4,93.2,109.9,149.5,186.7,200.3,275,187.9,127.6,151.1,166.4,163.2,160.4,173.2,157.7
Suriname,"no data","no data","no data","no data","no data","no data","no data","no data","no data","no data",72.9,75.7,64.4,51.1,30.5,16.3,11.8,16.8,21.6,32.3,35.7,37.2,35.6,31.3,29.5,27.1,22.5,16.4,14.8,14.6,17.3,18.7,20.1,27.9,25.2,41.1,74.8,71.5,66.1,80.8,143.8,117,123.2,112.2,103.2,96.2,89.6,83.6,78.9
Sweden,"no data","no data","no data","no data","no data","no data","no data","no data","no data","no data","no data","no data","no data",65.7,68.2,68.3,68.7,67.4,65.1,60.1,50.2,51.8,49.8,49.3,48.5,48.8,43.7,39,37.5,40.7,38.1,37.1,37.5,40.2,44.9,43.7,42.3,40.7,39.2,35.2,39.5,36.3,31.7,32.3,32.9,32.5,31.9,31,30
Switzerland,"no data","no data","no data","no data","no data","no data","no data","no data","no data","no data",33.3,35.1,39.5,44.4,47.1,50,51.3,53.7,56,52.7,52.3,51.1,57.7,56.9,57.8,54.9,48.5,44.8,44.8,43.1,41.5,41.9,42.6,42,42.1,42.2,40.9,41.8,39.8,39.6,43.3,41.5,39.1,37.5,36.1,35,33.8,32.8,31.7
Syria,"no data","no data","no data","no data","no data","no data","no data","no data","no data","no data",189.8,182.4,173.6,171.9,163,152.6,141.5,147.6,151.2,147.7,152.1,144.5,132.4,133.4,113,50.7,45,42.7,37.3,31.2,30,"no data","no data","no data","no data","no data","no data","no data","no data","no data","no data","no data","no data","no data","no data","no data","no data","no data","no data"
"SÃ£o TomÃ© and PrÃ­ncipe","no data","no data","no data","no data","no data","no data","no data","no data","no data","no data","no data","no data","no data","no data","no data","no data","no data","no data","no data","no data","no data",410.1,362.4,325.6,347.4,295.7,269.6,103.8,58.5,72.4,79.5,78,81,71.2,69.5,85.8,95.3,85.8,93.9,71.6,81.4,70.6,58.1,54.8,54.2,54.3,53.4,49.6,46.7
"Taiwan Province of China","no data","no data","no data","no data","no data","no data","no data","no data","no data","no data","no data","no data","no data","no data","no data","no data","no data",25,23.7,23.7,26.2,30.1,29.8,32.1,33.4,34.1,33.3,32.2,33.4,36.7,36.9,38.3,39.2,38.9,37.5,35.9,35.4,34.5,33.9,32.7,32.1,30.1,27.5,25,22.6,20.6,18.7,16.9,15.3
Tajikistan,"no data","no data","no data","no data","no data","no data","no data","no data","no data","no data","no data","no data","no data","no data","no data","no data","no data","no data",96.6,107.8,111.4,99.4,98.3,69.8,49.4,45.8,36.8,34.3,30.2,36.9,36.8,35.5,32.5,29.3,27.9,35,42.2,46.3,46.6,43.5,49.8,42.5,34.6,32.3,31.3,31.2,31.1,31,28.9
Tanzania,"no data","no data","no data","no data","no data","no data","no data","no data","no data","no data","no data","no data","no data","no data","no data","no data","no data","no data","no data","no data","no data",50.8,47.4,44.4,44.5,46.1,34.5,23.8,21.7,24,27.6,28.4,30,32.7,36.1,39.2,39.8,40.7,40.5,39.1,39.8,42.1,41.6,40.1,38.5,37.2,36.1,35,34
Thailand,"no data","no data","no data","no data","no data","no data","no data","no data","no data","no data","no data","no data","no data","no data","no data","no data",15.2,40.5,49.9,56.6,57.8,57.5,54.9,47.5,46.3,45.5,39.2,36,34.9,42.4,39.8,39.1,41.9,42.2,43.3,42.6,41.7,41.8,41.9,41.1,49.4,58.4,60.5,61,61.6,59.9,59,58.1,57.3
Timor-Leste,"no data","no data","no data","no data","no data","no data","no data","no data","no data","no data","no data","no data","no data","no data","no data","no data","no data","no data","no data","no data","no data",0,0,0,0,0,0,0,0,0,0,0,0,0.5,1.5,2.9,4.7,6.7,9.3,9.5,10.1,6.5,7.5,16.7,20.1,21.9,23.6,25.3,26.8
Togo,"no data","no data","no data","no data","no data","no data","no data","no data","no data","no data","no data","no data","no data","no data","no data","no data","no data","no data","no data","no data","no data","no data","no data","no data","no data",63.1,67.7,73.8,68.7,59.7,34.3,35.1,35.6,42.4,46.5,53.3,60.1,56.6,57,52.4,60.3,63.7,68,68.5,69,69.1,68.5,66.3,64.4
Tonga,"no data","no data","no data","no data","no data","no data","no data","no data","no data","no data","no data","no data","no data","no data","no data","no data","no data","no data","no data",38.4,43.6,53.4,60.7,56.2,52.2,43.3,39.6,37.8,34,39.7,44.7,51.9,54.4,49,47.5,51.2,49.4,44.7,45.9,41.3,43.6,47.5,46.6,43.8,41.5,44.4,51.5,59.7,69
"Trinidad and Tobago","no data","no data","no data","no data","no data","no data","no data","no data",65.3,51.9,49.5,50,49.5,59.6,54.8,51.1,48,46.5,43.4,43.4,40.6,37.2,37.2,31.8,25.1,20.7,17.5,16.9,14.2,18.7,20.9,29.4,24.1,21.9,23.6,26.4,34.8,40.2,40.9,45.3,60,59.9,53.8,53.9,54.2,54.3,55,55.7,56.3
Tunisia,"no data","no data","no data","no data","no data","no data","no data","no data","no data","no data","no data",63.3,62.1,63.8,63.9,65.6,66.8,66.6,58.2,61.9,62.9,52.2,51.6,52.6,51.6,50,45.7,42.7,45.1,44.5,43.4,47,51.8,46.7,50.7,52.4,58.9,67.1,72.9,67.3,77.6,79.9,79.4,80,79.1,77.1,74.7,72.6,71.1
Turkmenistan,"no data","no data","no data","no data","no data","no data","no data","no data","no data","no data","no data","no data","no data","no data","no data","no data","no data",85.9,109.2,89.2,73.7,45.6,32.3,22.6,15.3,9.1,5.7,4.1,4.8,4.1,6.3,10.1,13.9,15.9,12.5,14.8,19,19.8,18.9,15.3,13.1,10.1,5.2,4.4,3.7,3.2,2.8,2.5,2.4
Tuvalu,"no data","no data","no data","no data","no data","no data","no data","no data","no data","no data","no data","no data","no data","no data","no data","no data","no data","no data","no data","no data","no data","no data","no data","no data","no data",37.4,37.5,32.4,19.8,20.6,21.1,19.1,19.3,17.8,16.4,14.4,11.5,12,11.9,11.5,8.9,8.8,7.6,6.2,5.4,9.7,14.2,18.8,23.5
"TÃ¼rkiye, Republic of","no data","no data","no data","no data","no data","no data","no data","no data","no data","no data","no data","no data","no data","no data","no data","no data","no data","no data","no data","no data",51.3,75.5,71.5,65.2,57.2,50.2,44.2,37.8,37.7,43.4,39.7,36.1,32.4,31.1,28.4,27.3,27.9,27.9,30.1,32.6,39.7,41.8,31.2,35,36.7,37.7,38.8,40.4,42.3
Uganda,"no data","no data","no data","no data","no data","no data","no data","no data","no data","no data","no data","no data","no data","no data","no data","no data","no data",44.2,45.1,47.7,48.5,51.4,54.7,55.1,49,42.6,27.8,17,15.7,14.8,18.4,18,19.5,22.1,24.8,28.5,31,33.6,34.9,37.6,46.3,50.6,50.8,50.2,49.2,47.7,45.4,41,36.7
Ukraine,"no data","no data","no data","no data","no data","no data","no data","no data","no data","no data","no data","no data","no data","no data","no data","no data","no data",28.9,46.5,59,43.8,36.7,33.6,29.4,24.8,17.7,14.8,12.3,20.4,35.4,40.6,36.9,37.5,40.5,70.3,79.3,79.5,71.6,60.4,50.5,60.5,48.8,81.7,98.3,"no data","no data","no data","no data","no data"
"United Arab Emirates","no data","no data","no data","no data","no data","no data","no data","no data","no data","no data","no data","no data","no data","no data","no data","no data","no data","no data","no data",4.8,3.1,2.7,3.4,3.3,4.1,4.5,5.1,8.9,8.9,21.1,19.5,21.5,20.7,15.6,13.8,16.1,19.3,21.9,21.3,26.8,41.1,35.9,30,30.5,29.4,28.3,27.2,26.2,25.2
"United Kingdom",42.5,44.7,43,41.8,42.2,41.3,41.3,39.3,37,32.5,28.5,28.4,33.2,37.9,40.7,43.6,43.7,43.2,40.8,39.3,36.6,33.8,34.1,35.3,38.2,39.4,40.5,41.6,49.2,63.1,74,79.8,83.1,84.1,86.1,86.7,86.6,85.6,85.2,84.5,105.6,108.1,102.6,106.2,109.7,112.8,112.7,113,113.1
"United States","no data","no data","no data","no data","no data","no data","no data","no data","no data","no data","no data","no data","no data","no data","no data","no data","no data","no data","no data","no data","no data",53.1,55.5,58.6,66.1,65.4,64.2,64.6,73.4,86.6,95.1,99.5,103,104.5,104.5,105.1,107.2,106.2,107.4,108.7,133.5,126.4,121.7,122.2,125.8,129.1,131.8,134,136.2
Uruguay,"no data","no data","no data","no data","no data","no data","no data","no data","no data","no data","no data","no data","no data","no data","no data","no data","no data","no data","no data",24.2,30.6,39.6,90.5,92.3,74,66.5,61.3,53,46.4,46.4,41,41.4,50,50.2,51.3,58,56.6,56.5,58.6,60.6,68.2,65.6,61,62.3,62.7,63.1,63.4,63.7,63.8
Uzbekistan,"no data","no data","no data","no data","no data","no data","no data","no data","no data","no data","no data","no data","no data","no data","no data","no data","no data",15.3,18,18.4,29.5,44.8,41.6,31.4,26.9,21,13.5,9.6,8.3,7.3,6.6,6.3,6.8,6.2,6.1,6.7,8.2,19.3,19.6,28.5,37.1,35.4,34.3,33.9,32.9,31.5,30.2,28.8,27.1
Vanuatu,"no data","no data","no data","no data","no data","no data","no data","no data","no data","no data","no data",15.9,21,20.3,21.6,24.1,23.1,22.9,28,30.6,36.1,37,38.8,38.3,30.4,26.3,22.2,19.5,21.2,21.1,20.2,21.3,19.3,18.6,20.3,37.7,43.7,52.6,45.3,45.1,48,47.5,45.8,48.4,52.3,55.5,58.1,61.1,64.1
Venezuela,"no data","no data","no data","no data","no data","no data","no data","no data","no data","no data","no data","no data","no data","no data","no data","no data","no data","no data",30.7,29.6,27.7,30.7,48.2,56,41.8,34.9,25.7,26.4,20.3,27.6,37.7,52.5,58.4,85.4,84.9,129.8,138.4,133.6,174.6,205.1,327.7,250.6,157.8,"no data","no data","no data","no data","no data","no data"
Vietnam,"no data","no data","no data","no data","no data","no data","no data","no data","no data","no data","no data","no data","no data","no data","no data","no data","no data","no data","no data","no data",24.8,25.4,27.7,29.8,29.4,28.7,30.2,32.2,31,36.3,36.8,35.8,38.3,41.4,43.6,46.1,47.5,46.3,43.5,40.8,41.3,39.3,37.1,36.3,35.4,34.6,33.8,32.9,31.3
"West Bank and Gaza","no data","no data","no data","no data","no data","no data","no data","no data","no data","no data","no data","no data","no data","no data","no data","no data","no data","no data","no data","no data",20,22.2,20.9,20.7,21.1,24,19.3,23.7,23,24,22.7,26.3,29.8,30.2,34,37.1,41.5,42.7,44.6,46.1,61.2,64.3,59.8,58.5,58.8,59.3,60.4,61.9,63.5
Yemen,"no data","no data","no data","no data","no data","no data","no data","no data","no data","no data","no data","no data","no data","no data","no data","no data","no data","no data","no data",96.1,60.8,60.6,57.8,56.8,52.1,43.8,40.8,40.4,36.4,49.8,42.4,45.7,47.6,48.4,48.9,57.1,75.3,84,89.5,94.6,98.5,85.1,73.5,68.7,57.1,44.2,36.3,33.1,30.6
Zambia,"no data","no data","no data","no data","no data","no data","no data","no data","no data","no data","no data","no data","no data","no data","no data","no data","no data","no data","no data","no data",261,210.2,180.2,159.5,129.9,75.7,25,21.9,19.2,20.5,18.9,20.8,24.9,25.9,33.9,61.9,58,63.4,75.2,94.4,140.2,110.8,"no data","no data","no data","no data","no data","no data","no data"
Zimbabwe,"no data","no data","no data","no data","no data","no data","no data","no data","no data","no data","no data","no data","no data","no data","no data","no data","no data","no data","no data","no data","no data","no data","no data","no data","no data",33.1,39.4,44.7,61.1,58.7,47.6,42.9,38.4,37,42.3,48,49.9,74.1,51,82.3,84.4,59.8,92.8,102.3,100,90.9,83.5,83.6,72.7
"Africa (Region)","no data","no data","no data","no data","no data","no data","no data","no data","no data","no data","no data","no data","no data","no data","no data","no data","no data","no data","no data","no data",65.7,63.9,59.7,55.3,49.8,43.2,35.2,30.8,28.9,33.2,32.6,34.1,34.9,37.3,38.7,45.2,51.6,52.7,54.1,56.3,65.6,64.8,63.4,62.7,60.6,59.8,59.1,58.5,57.4
"Asia and Pacific","no data","no data","no data","no data","no data","no data","no data","no data","no data","no data","no data","no data","no data","no data","no data","no data","no data","no data","no data","no data",91.3,94.3,94.6,95,94.8,91.1,83.6,77.1,77.8,87,85.1,85.9,85.5,78.6,77.2,74.7,82.3,81.4,81.4,84.6,95.5,92.4,91,93.2,94.8,97,99.1,100.9,103
"Australia and New Zealand","no data","no data","no data","no data","no data","no data","no data","no data","no data",21.8,21.2,25.9,31.2,33.7,34,32.9,30.5,27.1,25.1,23.7,20.8,18.5,16.5,14.7,13.3,12.2,11,10.5,12.6,17.5,21.3,25.1,28.4,30.9,34.1,37.3,39.7,39.9,40,44.8,55.3,56.6,55.3,58.2,60.3,60.1,59.7,59.2,58.6
Caribbean,"no data","no data","no data","no data","no data","no data","no data","no data","no data","no data","no data","no data","no data","no data","no data","no data","no data","no data","no data",48.3,51.6,55.2,59.7,52.1,50.7,49.4,47.1,45,42.2,44.8,50.3,54.9,53.6,53.1,53.2,56.3,62.1,61.8,60.1,61.5,74.8,70.5,62.5,57.8,54.8,53.6,50.3,49.3,48.3
"Central America","no data","no data","no data","no data","no data","no data","no data","no data","no data","no data","no data","no data","no data","no data","no data","no data","no data","no data","no data","no data",35.3,37.2,38.7,46.4,42.4,40.7,37.1,32.1,30.3,33.3,33.9,34.2,36.2,38.1,38.1,38.7,40.1,41.4,43.7,46.3,59.5,55.7,52.9,52.2,51.8,51.2,50.7,49.9,49.3
"Central Asia and the Caucasus","no data","no data","no data","no data","no data","no data","no data","no data","no data","no data","no data","no data","no data","no data","no data","no data","no data","no data","no data","no data","no data","no data",66.9,59.6,51.4,44.2,35.7,29.8,29.6,33.8,31.1,27.7,25.6,24.8,23.3,24.6,25.4,26.3,27.5,29.2,35.7,37,28.8,31.8,32.9,33.8,34.8,35.9,37
"East Asia","no data","no data","no data","no data","no data","no data","no data","no data","no data","no data","no data","no data","no data","no data","no data",78,79.2,79.8,87.9,98,101.6,104.7,106.7,110,111.7,109.2,101.7,94.8,95.9,106.4,105.8,106.8,105.4,95.5,92.6,87,97.5,96.2,94.8,98,108.5,103.8,104,106.9,109,112.4,115.5,118.4,121.7
"Eastern Europe ","no data","no data","no data","no data","no data","no data","no data","no data","no data","no data","no data","no data","no data","no data","no data","no data","no data","no data","no data",56.6,45.8,40.4,38.3,35.2,30.4,26.4,22.5,20.3,20.9,26.6,27.6,27.5,27.4,29.1,32.4,35.1,35.7,32.8,31.5,30.2,39.5,36.6,36,40.2,40.8,41.2,41.2,41,40.4
Europe,"no data","no data","no data","no data","no data","no data","no data","no data","no data","no data","no data","no data","no data","no data","no data","no data","no data",65.3,66.4,63.8,60,58.3,58.4,59.6,59.4,58.8,56.5,54.1,57.1,67.1,71,72.1,74.7,76.5,78.6,78.9,78.5,75.9,74.2,72.3,85.2,83,78.3,79.3,79.3,79.1,78.5,78.1,77.5
"Middle East (Region)","no data","no data","no data","no data","no data","no data","no data","no data","no data","no data","no data","no data","no data","no data","no data","no data","no data","no data","no data","no data",48.2,52.6,61.4,55.5,58.8,43.2,33.5,29.1,24.3,30.4,26,23,22.5,21.8,21.3,31.1,38.2,39.7,37.5,41,52.4,47.5,37.6,37.2,36.3,36.3,36.5,36.7,37
"North Africa","no data","no data","no data","no data","no data","no data","no data","no data","no data","no data","no data","no data","no data","no data","no data","no data","no data","no data","no data","no data","no data","no data","no data","no data","no data","no data","no data","no data","no data","no data","no data",45.4,46.5,51,52.7,58.9,67.1,67.3,66.9,66.6,76,79.8,76.6,77,74.4,74.6,74.5,74.2,73.6
"North America","no data","no data","no data","no data","no data","no data","no data","no data","no data","no data","no data","no data","no data","no data","no data","no data","no data","no data","no data","no data","no data",54,56.2,59,65.1,64.3,62.9,63,71,83.7,90.7,94.2,97.5,99,99.1,101,103.3,102.1,103.2,104.3,128.8,122,117,117,120,122.7,124.8,126.6,128.4
"Pacific Islands ","no data","no data","no data","no data","no data","no data","no data","no data","no data","no data","no data","no data","no data","no data",41.1,38.9,40,44.5,43.4,40,41,46.3,47.9,42.9,40.3,35.6,32.9,28.8,27.8,27.6,24.7,23.2,24.6,28.7,29.8,32.4,35.1,34.2,37.4,40.2,48.8,53.9,52.4,51.4,51.8,51.6,49.5,47.6,46.9
"South America","no data","no data","no data","no data","no data","no data","no data","no data","no data","no data","no data","no data","no data","no data","no data","no data","no data","no data","no data","no data",49.9,53.6,73.4,70.1,64.4,57.6,53.3,51.1,48.5,51.7,50.5,50.1,50.4,51.1,53.1,60.5,64.3,68,74,75.7,85.3,78.4,76.4,75.5,76.7,77.8,78.1,77.9,77.5
"South Asia","no data","no data","no data","no data","no data","no data","no data","no data","no data","no data","no data","no data","no data","no data",72,67.7,64.9,66.2,66.8,69.8,72.7,77.6,80.8,77.3,76,73.7,70.3,68.4,67.1,66.5,62.7,64,63.8,63.4,62.8,64.1,64.3,64.9,66.1,70.9,81.8,78.8,78.1,78.8,78.8,78.7,78.5,78.3,77.9
"Southeast Asia","no data","no data","no data","no data","no data","no data","no data","no data","no data","no data","no data","no data","no data","no data","no data","no data","no data","no data","no data","no data",64.4,63.9,60.6,58,55.7,51.3,45.8,45.4,42.7,45.4,43.9,42.6,43.8,44.1,44.4,45.9,46.2,46.6,47.4,48.6,58.4,62.8,60.2,60.2,59.7,59.2,58.9,58.5,57.9
"Sub-Saharan Africa (Region) ","no data","no data","no data","no data","no data","no data","no data","no data","no data","no data","no data","no data","no data","no data","no data","no data","no data","no data","no data","no data",65.4,62.4,56,50.6,45.5,37.9,29.1,25.6,25,28.7,28,29.9,30.4,32.1,33.5,39.7,45.1,47.7,49.8,52.6,61.4,58.9,57.9,57.5,55.9,55,54.2,53.5,52.4
"Western Europe","no data","no data","no data","no data","no data","no data","no data","no data","no data","no data","no data",52.7,56.9,62.1,64.5,66.2,68.2,67,65.7,64.3,61.2,60,60.4,62,62.6,63.1,61.6,59.8,64.2,73.9,79.3,81.5,85.4,87.3,88.2,86.7,85.9,84.2,82.6,80.9,94.3,92.8,88.3,88.1,88.1,87.9,87.1,86.7,86.1
"Western Hemisphere (Region)","no data","no data","no data","no data","no data","no data","no data","no data","no data","no data","no data","no data","no data","no data","no data","no data","no data","no data","no data","no data","no data",53.8,57.3,59.7,64.8,63.4,61.6,61.1,67.3,78.4,83.1,85.1,88.1,89.6,90.5,94.4,97.1,96.3,98.4,99.9,123.2,116.3,111.4,111.2,113.8,116.2,118,119.4,120.8
ASEAN-5,"no data","no data","no data","no data","no data","no data","no data","no data","no data","no data","no data","no data","no data","no data","no data","no data","no data","no data","no data","no data",66.8,65.2,62.3,59.6,57.6,53,47,46.6,43.9,46.4,44.8,43.5,45,45,45.1,46.5,46.6,47.1,48.4,50.1,61.6,66.1,63.3,63.6,63.2,62.8,62.6,62.3,62
"Advanced economies","no data","no data","no data","no data","no data","no data","no data","no data","no data","no data","no data","no data","no data","no data","no data","no data","no data","no data","no data","no data","no data",70.1,71.1,73.2,76.6,76.1,73.4,71,77.7,90.7,97.2,101.2,105.6,104.1,103.7,103.3,105.7,103.4,102.9,104,122.9,117.4,112.5,112.4,113.6,115,115.9,116.7,117.8
"Emerging and Developing Asia","no data","no data","no data","no data","no data","no data","no data","no data","no data","no data","no data","no data","no data","no data","no data","no data","no data","no data","no data","no data",43.5,44,44.6,44.8,43.7,41.9,39.2,40.5,36.7,41.5,40.2,39.5,39.4,41.1,43.1,44.6,51.2,54.4,55.7,58.9,68.8,70.3,73.7,77.6,81,84.4,87.4,90.3,93
"Emerging and Developing Europe","no data","no data","no data","no data","no data","no data","no data","no data","no data","no data","no data","no data","no data","no data","no data","no data","no data","no data","no data","no data",51,50.5,48,43.9,37.2,32.1,26.8,23.3,23.4,28.8,28.6,27.3,26.1,27,29.3,31,31.8,29.9,29.5,29.1,37.7,35.2,33.3,37.7,38.7,39.3,39.5,39.7,39.5
"Emerging market and developing economies","no data","no data","no data","no data","no data","no data","no data","no data","no data","no data","no data","no data","no data","no data","no data","no data","no data","no data","no data","no data",47.7,48.6,51.7,49.7,46.7,41.8,37.2,35.8,33.6,38.6,37.5,36.8,36.8,38.1,40,43.8,49.2,51.4,52.7,55.1,64.8,64.3,64.6,67.5,69.8,72.2,74.3,76.3,78.1
"Euro area","no data","no data","no data","no data","no data","no data","no data","no data","no data","no data","no data","no data","no data","no data","no data",71.2,73.2,72.7,72.4,71.3,68.9,67.9,67.9,69.2,69.5,70.2,68.2,65.8,69.4,79.9,85.3,87.2,90.6,92.6,92.8,90.9,90.1,87.6,85.6,83.5,96.6,94.9,90.9,89.8,89,87.9,86.9,86.2,85.4
"European Union","no data","no data","no data","no data","no data","no data","no data","no data","no data","no data","no data","no data","no data","no data","no data",70.4,72.7,72.1,70.6,69.5,66.5,65.5,65.5,66.7,66.8,67.1,64.8,62.2,65.3,74.8,79.9,82.1,86.4,88.7,89.1,87,85.9,83.6,81.5,79.2,91.6,89.5,85.3,84.4,83.6,82.6,81.8,81.1,80.4
"Latin America and the Caribbean","no data","no data","no data","no data","no data","no data","no data","no data","no data","no data","no data","no data","no data","no data","no data","no data","no data","no data","no data","no data",46.2,47.9,58.5,58.8,54.8,50.5,47.6,46.3,46.1,49,48,48.1,48.3,49.5,51.4,57.4,61,63.3,67.1,67.9,76.9,71.6,69.4,68.2,68.9,69.7,69.9,69.9,69.7
"Major advanced economies (G7)","no data","no data","no data","no data","no data","no data","no data","no data","no data","no data","no data","no data","no data","no data","no data","no data","no data","no data","no data","no data","no data",74.8,76.6,79.7,84.8,84.9,82.4,80.7,88.5,103.2,111.4,116.4,120.6,118.4,117.4,116.4,119.5,117.5,117.2,118.3,140.4,134.1,128.4,128.4,130.3,132.2,133.5,134.7,136.2
"Middle East and Central Asia","no data","no data","no data","no data","no data","no data","no data","no data","no data","no data","no data","no data","no data","no data","no data","no data","no data","no data","no data",57.4,50.8,54.3,60.3,54.3,54.4,41.8,32.9,28.3,24.3,30.1,27.3,25.1,25.9,25.9,25.9,35.5,42.9,43.7,42.4,46.2,57,52.7,44.7,44.1,42.8,42.9,43.2,43.6,43.7
"Other advanced economies","no data","no data","no data","no data","no data","no data","no data","no data","no data","no data","no data","no data","no data","no data","no data","no data","no data","no data","no data","no data",35.1,35.8,36.1,36.9,35.1,34.1,33.3,31.5,32.9,35.6,35.8,36.8,38.3,39.3,40.6,41.6,42.1,41.6,41.3,43.3,50.3,50.7,48.7,49.2,49.2,49.1,49,49,48.9
"Sub-Saharan Africa","no data","no data","no data","no data","no data","no data","no data","no data","no data","no data","no data","no data","no data","no data","no data","no data","no data","no data","no data","no data",62.8,59.8,53.1,48.1,43.5,36.1,27.4,23.9,23.2,26.7,25.7,27.9,27.8,29.9,31.8,37.5,42.3,44.6,47.2,49.8,57,56.6,56.3,55.5,53.9,53.1,52.4,51.6,50.6
,,,,,,,,,,,,,,,,,,,,,,,,,,,,,,,,,,,,,,,,,,,,,,,,,
"Â©IMF, 2023",,,,,,,,,,,,,,,,,,,,,,,,,,,,,,,,,,,,,,,,,,,,,,,,,
