"General Government Debt (Percent of GDP)",1950,1951,1952,1953,1954,1955,1956,1957,1958,1959,1960,1961,1962,1963,1964,1965,1966,1967,1968,1969,1970,1971,1972,1973,1974,1975,1976,1977,1978,1979,1980,1981,1982,1983,1984,1985,1986,1987,1988,1989,1990,1991,1992,1993,1994,1995,1996,1997,1998,1999,2000,2001,2002,2003,2004,2005,2006,2007,2008,2009,2010,2011,2012,2013,2014,2015,2016,2017,2018,2019,2020
,,,,,,,,,,,,,,,,,,,,,,,,,,,,,,,,,,,,,,,,,,,,,,,,,,,,,,,,,,,,,,,,,,,,,,,
Albania,"no data","no data","no data","no data","no data","no data","no data","no data","no data","no data","no data","no data","no data","no data","no data","no data","no data","no data","no data","no data","no data","no data","no data","no data","no data","no data","no data","no data","no data","no data","no data","no data","no data","no data","no data","no data","no data","no data","no data","no data","no data","no data","no data","no data",24.629863,29.359587,34.69009,51.409343,57.010235,57.789526,63.768684,60.612782,64.096916,60.244562,57.474271,58.203359,56.688106,53.550303,55.139806,59.666483,57.719552,59.412626,62.144467,70.391096,71.992332,73.716362,73.324416,71.894694,69.508648,67.792166,77.567937
Australia,"no data","no data","no data","no data","no data","no data","no data","no data","no data","no data","no data","no data","no data","no data","no data","no data","no data","no data","no data","no data","no data","no data","no data","no data","no data","no data","no data","no data","no data","no data","no data","no data","no data","no data","no data","no data","no data","no data","no data",17.054177,16.443743,21.650694,27.677765,30.719435,31.781761,31.232915,29.422758,25.959896,23.75328,22.593787,19.552864,17.169195,15.048964,13.225256,11.94367,10.894381,9.9651718,9.6879183,11.753393,16.653913,20.394556,24.069433,27.535985,30.496846,34.027211,37.698653,40.507722,41.0744,41.640105,46.605387,57.332404
Austria,"no data","no data","no data","no data","no data","no data","no data","no data","no data","no data","no data","no data","no data","no data","no data","no data","no data","no data","no data","no data",18.54768,17.294044,16.590263,16.603005,16.729632,22.716128,26.045666,28.333873,31.975046,33.942758,35.39702,37.269279,39.493535,43.412522,45.755236,47.50568,51.665847,55.187111,57.364959,56.331882,55.931728,56.134186,56.027725,60.628844,63.720815,67.864756,67.807224,63.05581,68.818757,61.103166,65.737618,66.354554,66.977797,64.896277,64.848658,68.317516,67.000706,64.740498,68.417358,79.579769,82.417665,82.178174,81.660932,81.011265,83.75794,84.401089,82.548609,78.607813,74.040059,70.513344,83.159811
Belarus,"no data","no data","no data","no data","no data","no data","no data","no data","no data","no data","no data","no data","no data","no data","no data","no data","no data","no data","no data","no data","no data","no data","no data","no data","no data","no data","no data","no data","no data","no data","no data","no data","no data","no data","no data","no data","no data","no data","no data","no data","no data","no data","no data","no data","no data","no data","no data","no data","no data","no data","no data","no data","no data","no data",9.222745,8.1150967,12.274158,15.813183,20.29503,32.546849,36.805213,58.223333,36.946222,36.859473,38.790605,53.006888,53.48163,53.159846,47.515236,40.999215,48.045005
Belgium,"no data","no data","no data","no data","no data","no data","no data","no data","no data","no data","no data","no data","no data","no data","no data","no data","no data","no data","no data","no data",66.596911,63.530368,64.934843,63.749321,61.750163,59.520607,61.38178,61.634648,65.154656,69.199777,74.648082,87.176545,96.84595,107.20148,111.40454,116.04571,121.17972,125.61086,126.05615,122.87,126.65982,128.10833,130.91443,135.03735,133.24657,131.28667,129.00396,124.2712,119.1859,115.36281,109.58904,108.21685,105.43668,101.65931,97.169665,95.14187,91.494413,87.324624,93.160043,100.21676,100.27317,103.49471,104.81051,105.48564,107.04608,105.22868,105.00575,102.00652,99.769099,98.074707,114.13813
"Bosnia and Herzegovina","no data","no data","no data","no data","no data","no data","no data","no data","no data","no data","no data","no data","no data","no data","no data","no data","no data","no data","no data","no data","no data","no data","no data","no data","no data","no data","no data","no data","no data","no data","no data","no data","no data","no data","no data","no data","no data","no data","no data","no data","no data","no data","no data","no data","no data","no data","no data","no data",54.397341,56.038876,34.686286,35.230081,31.198184,27.635188,25.486588,25.515152,21.24532,18.709226,30.885399,35.066603,40.80537,39.550107,42.20738,42.499066,45.858714,45.531113,44.081497,39.239713,34.271054,32.525856,36.716714
Brazil,"no data","no data","no data","no data","no data","no data","no data","no data","no data","no data","no data","no data","no data","no data","no data","no data","no data","no data","no data","no data","no data","no data","no data","no data","no data","no data","no data","no data","no data","no data","no data","no data","no data","no data","no data","no data","no data","no data","no data","no data","no data","no data","no data","no data","no data","no data","no data","no data","no data","no data","no data",67.330659,76.095054,71.51364,68.025064,66.968516,64.598819,63.024659,61.420078,64.701584,62.433202,60.63371,61.614242,59.594682,61.617149,71.729665,77.422166,82.744965,84.777046,86.908042,98.09174
Bulgaria,"no data","no data","no data","no data","no data","no data","no data","no data","no data","no data","no data","no data","no data","no data","no data","no data","no data","no data","no data","no data","no data","no data","no data","no data","no data","no data","no data","no data","no data","no data","no data","no data","no data","no data","no data","no data","no data","no data","no data","no data","no data","no data","no data","no data","no data","no data","no data",96.226652,67.454557,75.345012,71.506013,65.807238,52.97102,45.67131,37.507233,29.011149,27.119817,24.206027,18.799877,21.286176,22.236259,21.304919,22.906695,23.689066,33.81615,31.643088,35.902481,31.817904,28.884099,26.980506,33.075493
Cambodia,"no data","no data","no data","no data","no data","no data","no data","no data","no data","no data","no data","no data","no data","no data","no data","no data","no data","no data","no data","no data","no data","no data","no data","no data","no data","no data","no data","no data","no data","no data","no data","no data","no data","no data","no data","no data","no data","no data","no data","no data","no data","no data","no data","no data","no data",29.279917,30.15086,31.576208,37.183304,34.736961,35.234553,34.868812,39.748321,43.099419,42.703413,35.561037,30.682249,29.387334,26.995347,28.465165,28.74403,29.735496,31.534112,31.733744,31.901197,31.156691,29.124169,29.969489,28.458461,28.587878,34.237962
Canada,87.760582,76.530231,70.062839,67.200712,68.285626,66.464205,58.411871,57.639385,63.104036,64.183207,64.882445,67.368633,66.649318,65.385909,62.032601,58.316051,57.078414,57.030941,56.327239,54.432027,56.751577,57.899224,56.696628,52.336899,49.508775,49.88329,42.841351,44.304931,47.123651,44.166552,44.594559,46.07713,51.706678,57.211249,60.212917,65.166256,69.32348,69.76068,69.7445,70.986777,73.744251,81.658172,88.229988,94.730248,97.480466,100.08417,100.24388,95.272492,93.290188,88.965669,80.436608,81.462033,79.604069,75.911797,71.8894,70.64041,69.919832,66.861639,67.886069,79.272325,81.218488,81.77793,85.405218,86.129088,85.579413,91.192304,91.732604,88.84124,88.831858,86.820556,117.45953
Chile,"no data","no data","no data","no data","no data","no data","no data","no data","no data","no data","no data","no data","no data","no data","no data","no data","no data","no data","no data","no data","no data","no data","no data","no data","no data","no data","no data","no data","no data","no data","no data","no data","no data","no data","no data","no data","no data","no data","no data","no data",43.44149,37.223017,30.50483,28.16717,22.728158,17.336341,14.687595,12.903585,12.179806,13.36521,13.218779,14.458505,15.167242,12.716767,10.298777,7.0004031,4.9892003,3.8786886,4.920911,5.820141,8.5594146,11.088394,11.94548,12.732204,14.957542,17.276685,21.013953,23.602831,25.618297,28.198018,32.538727
"China, People's Republic of","no data","no data","no data","no data","no data","no data","no data","no data","no data","no data","no data","no data","no data","no data","no data","no data","no data","no data","no data","no data","no data","no data","no data","no data","no data","no data","no data","no data","no data","no data","no data","no data","no data","no data","no data","no data","no data","no data","no data","no data","no data","no data","no data","no data","no data",21.618921,21.425412,20.604993,20.664441,21.862956,22.986707,24.57462,25.915546,26.800321,26.393226,26.311661,25.56792,29.16434,27.158798,34.567023,33.924286,33.771606,34.393062,37.035285,39.969241,41.488824,48.237995,51.732782,53.844696,57.24,68.04
Colombia,"no data","no data","no data","no data","no data","no data","no data","no data","no data","no data","no data","no data","no data","no data","no data","no data","no data","no data","no data","no data","no data","no data","no data","no data","no data","no data","no data","no data","no data","no data","no data","no data","no data","no data","no data","no data","no data","no data","no data","no data","no data","no data","no data","no data","no data","no data",23.285712,25.262622,27.453342,33.982361,37.987547,41.095119,47.545289,45.039481,41.482019,38.532381,35.969176,32.663175,32.382419,35.386764,36.497107,35.783449,33.966578,37.592311,43.318837,50.418973,49.796317,49.436259,53.584095,52.349053,65.382528
"Congo, Dem. Rep. of the","no data","no data","no data","no data","no data","no data","no data","no data","no data","no data","no data","no data","no data","no data","no data","no data","no data","no data","no data","no data",26.8185,22.8385,27.6462,31.3345,37.3196,39.876,47.8222,38.8873,36.3547,31.4369,33.2162,39.5615,39.0122,83.8047,59.2411,72.9381,78.4661,98.4783,86.5102,98.5557,120.533,119.099,123.159,97.6766,162.721,171.187,129.964,136.934,257.925,"no data",134.98226,181.61672,136.04229,114.46404,141.75897,101.47235,103.18074,84.948372,87.840915,91.259677,30.572422,24.962547,21.784289,19.119193,16.802801,16.994646,19.533583,19.189296,15.052653,15.002642,15.15937
"Costa Rica","no data","no data","no data","no data","no data","no data","no data","no data","no data","no data","no data","no data","no data","no data","no data","no data","no data","no data","no data","no data","no data","no data","no data","no data","no data","no data","no data","no data","no data","no data","no data","no data","no data","no data","no data","no data","no data","no data","no data","no data","no data","no data","no data","no data","no data","no data","no data","no data","no data","no data","no data","no data","no data","no data","no data","no data","no data","no data","no data",26.086626,28.199326,29.991697,34.120779,35.387792,37.83697,40.204355,44.385987,47.434115,52.255879,57.228737,67.978624
Croatia,"no data","no data","no data","no data","no data","no data","no data","no data","no data","no data","no data","no data","no data","no data","no data","no data","no data","no data","no data","no data","no data","no data","no data","no data","no data","no data","no data","no data","no data","no data","no data","no data","no data","no data","no data","no data","no data","no data","no data","no data","no data","no data","no data","no data","no data","no data","no data",22.667702,22.009379,28.309664,33.429009,34.952126,36.800254,38.183835,40.316076,41.268165,38.758786,37.414426,39.295258,48.665471,57.684331,64.180878,70.015135,80.998889,84.692643,84.32215,80.795503,77.528986,74.249597,72.830012,88.740135
Cyprus,"no data","no data","no data","no data","no data","no data","no data","no data","no data","no data","no data","no data","no data","no data","no data","no data","no data","no data","no data","no data",8.428949,8.715105,9.90906,10.3789,13.64084,15.247516,20.03051,18.44197,21.360839,23.360908,27.849277,30.742821,33.161273,41.71918,42.957327,44.004795,47.084404,47.965716,48.757702,47.474981,47.150636,52.934578,52.135425,54.531546,49.866207,45.819197,47.092049,50.962785,54.657631,54.843409,55.73604,57.322074,60.518962,63.83768,64.766156,63.437055,59.260463,54.032848,45.548632,54.290512,56.433688,65.938935,80.33959,103.95351,109.08489,107.15807,103.06401,93.509411,99.177421,94.036461,119.13563
"Czech Republic","no data","no data","no data","no data","no data","no data","no data","no data","no data","no data","no data","no data","no data","no data","no data","no data","no data","no data","no data","no data","no data","no data","no data","no data","no data","no data","no data","no data","no data","no data","no data","no data","no data","no data","no data","no data","no data","no data","no data","no data","no data","no data","no data","no data","no data",13.571646,11.577227,12.193713,13.955887,15.183559,16.989476,22.705948,25.831945,28.158439,28.367466,27.702177,27.559892,27.325404,28.118065,33.355975,37.0685,39.722346,44.15128,44.42025,41.854255,39.695069,36.580852,34.235277,32.064869,30.048833,37.808157
Denmark,"no data","no data","no data","no data","no data","no data","no data","no data","no data","no data","no data","no data","no data","no data","no data","no data","no data","no data","no data","no data",10.584231,10.719151,9.3868134,7.4261562,6.9683524,11.178656,13.725937,16.942052,20.553993,25.337861,45.547067,55.560916,67.54687,78.657407,80.016455,77.5581,75.020484,71.725947,70.137824,68.254353,69.389719,70.22334,66.770313,78.627004,75.236865,71.392681,68.260994,64.278279,60.279497,56.764082,52.354303,48.508304,49.080957,46.150098,44.155917,37.412255,31.549404,27.345952,33.313183,40.181797,42.58788,46.070886,44.894201,44.04561,44.270265,39.773694,37.193028,35.893359,34.001771,33.568503,42.125963
Egypt,"no data","no data","no data","no data","no data","no data","no data","no data","no data","no data","no data","no data","no data","no data","no data","no data","no data","no data","no data","no data",48.783376,50.934511,50.490213,53.12886,52.420768,72.140081,71.523873,74.498042,97.732599,122.00954,115.74193,121.40054,127.75311,117.92797,116.99225,113.91374,116.04047,95.642881,90.254653,83.22475,86.931991,122.41254,129.83197,113.4031,105.73819,97.510652,88.133637,80.190669,76.415599,73.303935,69.469755,76.625465,85.776013,97.094864,96.511849,98.262557,85.924229,76.267557,66.760615,69.450038,69.589541,72.829976,73.799606,84.020587,85.126573,88.3048,96.808888,103.03983,92.483887,84.213976,89.838853
"El Salvador","no data","no data","no data","no data","no data","no data","no data","no data","no data","no data","no data","no data","no data","no data","no data","no data","no data","no data","no data","no data","no data","no data","no data","no data","no data","no data","no data","no data","no data","no data","no data","no data","no data","no data","no data","no data","no data","no data","no data","no data","no data",43.329259,36.360822,31.868472,30.549341,28.040955,28.547973,27.790849,25.652232,27.99492,29.5513,36.468871,42.316135,45.961537,46.813034,46.28657,46.923385,46.263345,48.106204,59.060723,60.042325,59.165669,63.5732,63.165745,65.295621,67.037926,68.766253,70.526318,70.353697,71.289186,89.174681
Estonia,"no data","no data","no data","no data","no data","no data","no data","no data","no data","no data","no data","no data","no data","no data","no data","no data","no data","no data","no data","no data","no data","no data","no data","no data","no data","no data","no data","no data","no data","no data","no data","no data","no data","no data","no data","no data","no data","no data","no data","no data","no data","no data","no data","no data","no data",8.6589795,7.2978961,6.0334512,5.398262,5.9327325,5.1137054,4.7716711,5.6618149,5.6001427,5.1127746,4.699703,4.6289575,3.7649386,4.5095489,7.2396698,6.6609683,6.1604881,9.8371965,10.228029,10.623881,10.069133,9.9968273,9.1211452,8.2393151,8.5546488,18.457941
Ethiopia,"no data","no data","no data","no data","no data","no data","no data","no data","no data","no data","no data","no data","no data","no data","no data","no data","no data","no data","no data","no data",7.360249,8.0514374,8.2784273,8.1100798,7.6720378,10.942378,13.533486,14.270992,15.864701,17.29675,18.543547,30.648862,48.806334,55.217894,65.355375,67.694989,75.708571,82.286975,84.317615,84.70365,91.614546,89.256378,88.934283,129.89762,144.79201,138.21098,128.95956,77.43302,86.010233,94.255795,93.632601,97.324758,107.36278,103.69073,103.10411,78.238785,40.184534,42.399597,38.53378,35.186073,39.608098,45.325659,42.175501,47.501078,47.550042,54.455474,54.870773,57.723277,61.106432,57.917185,55.424547
Finland,"no data","no data","no data","no data","no data","no data","no data","no data","no data","no data",12.657802,10.733665,11.432127,12.820592,13.018718,13.907527,13.946668,14.322455,14.302894,13.646678,11.974829,10.813977,9.8419417,8.0319899,6.375619,6.7634159,7.0919399,8.2194047,10.650997,11.046546,10.893435,11.543959,13.851155,15.379206,15.179735,15.837202,16.442756,17.649202,16.535042,14.269444,13.855517,21.893661,39.287611,54.133552,56.129815,55.151245,55.305977,52.215113,46.826701,44.010999,42.42975,40.892497,40.11624,42.687596,42.572343,39.864713,37.997189,33.904,32.560677,41.53136,46.904748,48.271195,53.622468,56.229169,59.825904,63.641696,63.175921,61.167207,59.778642,59.506783,69.548834
France,"no data","no data","no data","no data","no data","no data","no data","no data","no data","no data","no data","no data","no data","no data","no data","no data","no data","no data","no data","no data","no data","no data","no data","no data","no data","no data","no data","no data",21.076451,21.146371,20.829183,22.039864,25.358838,26.686671,29.093532,30.698611,31.303861,33.680575,33.635425,34.43915,35.584588,36.475055,40.221648,46.553818,49.886979,56.10401,59.995241,61.425907,61.350873,60.499686,58.880619,58.340918,60.258378,64.415398,65.938232,67.381881,64.610522,64.537232,68.777041,83.039751,85.25582,87.836535,90.602086,93.411594,94.889441,95.58176,97.957638,98.317896,97.951768,97.615106,115.07864
Georgia,"no data","no data","no data","no data","no data","no data","no data","no data","no data","no data","no data","no data","no data","no data","no data","no data","no data","no data","no data","no data","no data","no data","no data","no data","no data","no data","no data","no data","no data","no data","no data","no data","no data","no data","no data","no data","no data","no data","no data","no data","no data","no data","no data","no data","no data",19.817777,38.912249,48.166218,80.007555,76.454431,72.596677,69.352913,67.389371,61.28657,49.057921,38.853726,31.174151,24.835294,30.31828,39.927809,40.316032,34.968089,33.472396,32.545501,33.332156,38.783082,42.200141,41.597846,39.935023,41.967874,63.769979
Germany,18.880699,16.747773,15.762683,20.637223,21.890181,20.284368,18.879342,18.143703,18.001359,17.735353,16.571999,16.365389,15.909208,16.681796,16.699555,17.32554,18.12119,20.80627,20.881795,18.779956,17.725514,17.805423,18.027715,17.389645,18.59122,23.745988,25.17315,26.130363,27.469139,28.347167,30.245446,33.736863,36.571678,38.104849,38.799812,39.373047,39.230407,40.255004,40.673404,39.33696,40.885552,38.984613,41.453709,45.095352,47.53699,54.902434,57.793929,58.866583,59.534705,60.387379,59.339857,58.193037,59.945772,63.538346,65.200882,67.546311,66.887107,64.158308,65.681625,73.156604,82.471026,79.875444,81.198262,78.765504,75.704765,72.339352,69.298602,64.975789,61.585874,59.240416,69.054835
Greece,"no data","no data","no data","no data","no data","no data","no data","no data","no data","no data",8.6443109,9.019528,9.7514621,11.558262,12.418604,12.788068,14.450301,16.149749,17.400647,18.899849,18.790195,19.164274,20.055755,16.549946,17.468913,19.148915,18.643321,18.805694,24.38922,22.713452,22.717751,26.908273,29.559094,33.876292,40.401215,47.017663,47.542783,52.85836,57.554345,60.330016,73.776527,75.317781,80.647634,101.14118,99.131369,99.832031,102.19736,100.29804,98.253708,99.748229,105.82771,107.99218,105.75511,102.31911,103.74528,108.30579,104.45506,103.97994,110.34683,127.82321,147.49424,183.86873,161.97071,178.97403,181.53979,178.98416,183.41292,182.37763,189.88599,184.90809,211.21473
Honduras,"no data","no data","no data","no data","no data","no data","no data","no data","no data","no data","no data","no data","no data","no data","no data","no data","no data","no data","no data","no data","no data","no data","no data","no data","no data","no data","no data","no data","no data","no data","no data","no data","no data","no data","no data","no data","no data","no data","no data","no data",236.54303,135.41477,123.19663,111.73685,85.496498,65.378485,64.642801,70.841292,64.241208,68.32121,61.500512,58.69819,53.079164,57.618323,56.811273,43.59462,28.673129,17.006792,18.492319,21.625109,24.348542,26.932103,30.511804,37.119707,37.629795,37.888807,38.654122,40.364098,41.079415,41.572756,50.958531
Hungary,"no data","no data","no data","no data","no data","no data","no data","no data","no data","no data","no data","no data","no data","no data","no data","no data","no data","no data","no data","no data","no data","no data","no data","no data","no data","no data","no data","no data","no data","no data","no data","no data","no data","no data","no data","no data","no data","no data","no data",70.687884,63.652035,74.238568,76.483947,87.240954,86.161524,84.155561,71.407094,62.040158,60.0766,60.015135,55.227959,51.699838,54.8888,57.35943,58.244877,60.117766,64.139851,65.160868,71.218621,77.526118,79.6471,79.8768,77.573181,76.163309,75.25332,73.897578,72.886307,70.286409,67.353322,63.903042,78.46096
Iceland,14.551616,14.449046,13.642236,10.718979,9.255047,8.5625906,6.7108068,6.6477082,5.1131326,4.9617047,13.63206,8.4949271,7.466512,7.8944387,7.9748071,7.7793918,5.563,8.7958246,14.221076,14.641349,11.442099,11.748565,14.543656,11.46252,12.541627,16.387483,17.174001,18.375301,19.803421,21.067239,24.767629,22.363851,28.936106,30.73097,32.400834,31.98897,29.839873,27.303409,30.56381,35.256182,35.459521,37.575186,45.357888,52.241602,54.752331,58.007086,55.174835,52.047712,50.280491,76.592958,75.796302,83.382672,82.15995,85.06786,80.861399,68.931071,70.651032,68.404314,110.35666,128.77334,133.1411,138.1759,133.92495,121.9603,115.19795,97.22089,82.373164,71.637978,63.133699,66.144048,77.075882
India,"no data","no data","no data","no data","no data","no data","no data","no data","no data","no data","no data","no data","no data","no data","no data","no data","no data","no data","no data","no data","no data","no data","no data","no data","no data","no data","no data","no data","no data","no data","no data","no data","no data","no data","no data","no data","no data","no data","no data","no data","no data",75.332242,77.405385,76.978197,73.464402,69.653843,65.976647,67.818039,68.089899,70.038468,73.649085,78.729652,82.851174,84.402735,83.427263,81.01194,77.213798,74.11715,72.8366,71.518158,66.400217,68.647829,67.984532,67.713353,67.102041,69.048587,68.943091,69.676691,70.439715,74.085659,89.607914
Indonesia,"no data","no data","no data","no data","no data","no data","no data","no data","no data","no data","no data","no data","no data","no data","no data","no data","no data","no data","no data","no data","no data","no data","no data","no data","no data","no data","no data","no data","no data","no data","no data","no data","no data","no data","no data","no data","no data","no data","no data","no data","no data","no data","no data","no data","no data","no data","no data","no data","no data","no data",87.437299,73.702115,62.339381,55.642692,51.328172,42.611727,35.847734,32.333333,30.252037,26.483126,24.524583,23.106018,22.960397,24.846708,24.681631,27.013304,27.955461,29.395537,30.422723,30.56369,36.621033
Ireland,"no data","no data","no data","no data","no data","no data","no data","no data","no data","no data","no data","no data","no data","no data","no data","no data","no data","no data","no data","no data","no data","no data","no data","no data","no data","no data","no data","no data","no data",63.457207,64.601484,68.781936,73.450466,86.146982,90.231415,92.958831,107.23114,108.26389,106.50778,97.920509,92.656185,93.763033,90.567092,93.368515,88.020232,78.521928,69.833403,61.578386,51.413883,46.570142,36.401342,33.556831,30.873542,29.81879,28.087278,26.053868,23.645223,23.942305,42.513736,61.754376,86.17771,110.50861,119.67,120.03812,104.33644,76.741945,74.294004,67.783413,63.151741,57.281621,58.519212
Israel,"no data","no data","no data","no data","no data","no data","no data","no data","no data","no data","no data","no data","no data","no data","no data","no data","no data","no data","no data","no data","no data","no data","no data","no data","no data","no data","no data","no data","no data","no data","no data","no data","no data",259.61067,283.03556,198.34168,161.93971,142.76176,144.88492,146.9332,137.80354,123.25648,119.24129,117.91954,109.82729,97.634468,95.718213,93.91129,95.588102,89.664002,79.511389,83.631724,90.141243,92.712714,91.168968,88.031728,79.95143,72.873515,71.613674,74.36639,70.416291,68.58131,68.123725,66.760688,65.556412,63.835679,62.033814,60.162288,60.357891,59.504431,71.671593
Italy,30.85325,31.28571,33.345825,34.289488,36.090774,36.05466,35.100545,34.485719,34.430138,35.652658,31.971248,30.596802,29.545608,27.748781,27.774485,28.956693,33.891259,33.709355,36.197077,36.839765,37.606815,42.266758,48.011493,50.873801,50.554372,57.652794,57.021636,55.715901,59.657715,58.619512,54.854318,57.051442,61.535079,67.528112,72.819874,78.762425,83.036121,87.03536,88.845953,91.39522,94.891269,98.225081,104.91027,114.98979,121.06275,119.36221,119.10947,116.78212,114.12692,113.28942,109.02579,108.88652,106.36055,105.49459,105.10098,106.55753,106.73975,103.88947,106.16395,116.60964,119.1981,119.69225,126.49323,132.45548,135.36551,135.27971,134.78384,134.16143,134.42851,134.56503,155.81716
Japan,"no data","no data","no data","no data","no data",13.520995,14.909426,12.035669,12.848361,12.137239,10.427302,8.4518227,9.0258905,8.6677813,8.5365767,9.7917133,11.231068,11.371957,11.833194,11.451605,11.263607,12.621721,16.326938,15.91731,16.727334,20.917387,26.132373,31.14434,39.098816,43.871038,47.839232,52.875735,57.786754,63.623287,65.632082,68.293834,74.038381,75.728105,71.750202,65.514081,63.021973,62.226229,66.637869,72.712117,84.36119,92.525561,98.05354,104.97094,116.01997,129.50121,135.60863,145.12353,154.09566,160.02079,169.48996,174.29327,174.03329,172.80907,180.71472,198.70257,205.69311,219.09446,226.09278,229.62605,233.52775,228.39685,232.5199,231.41611,232.50922,235.44838,254.12992
Kazakhstan,"no data","no data","no data","no data","no data","no data","no data","no data","no data","no data","no data","no data","no data","no data","no data","no data","no data","no data","no data","no data","no data","no data","no data","no data","no data","no data","no data","no data","no data","no data","no data","no data","no data","no data","no data","no data","no data","no data","no data","no data","no data","no data","no data",38.862401,23.99743,21.472108,12.703917,17.969499,22.466335,32.700872,25.335314,20.470332,17.591856,14.962478,11.391576,8.0994962,6.667311,4.0919899,6.7658696,10.227028,10.682734,10.161008,12.125265,12.602506,14.496345,21.88194,19.677354,19.869431,20.258538,19.943727,26.332889
Kiribati,"no data","no data","no data","no data","no data","no data","no data","no data","no data","no data","no data","no data","no data","no data","no data","no data","no data","no data","no data","no data","no data","no data","no data","no data","no data","no data","no data","no data","no data","no data","no data","no data","no data","no data","no data","no data","no data","no data",2.1067129,4.270464,6.5581323,7.341487,9.3535563,13.693227,15.038279,15.03377,13.42023,12.785166,11.192628,13.239291,11.850994,15.395675,11.776152,11.247671,11.983517,10.53448,11.340451,9.9252963,12.892984,9.3451882,8.4660247,8.0172681,7.4363357,8.2997985,8.6984236,19.899087,21.941433,21.42312,19.371827,18.096412,17.403508
"Korea, Republic of","no data","no data","no data","no data","no data","no data","no data","no data","no data","no data","no data","no data","no data","no data","no data","no data","no data","no data","no data","no data","no data","no data","no data","no data","no data","no data","no data","no data","no data","no data","no data","no data","no data","no data","no data","no data","no data","no data","no data","no data",13.179836,12.293788,12.018564,11.222831,9.9543161,8.7796505,8.0797351,10.024793,14.320559,16.335103,16.68199,17.229428,17.041285,19.80319,22.421641,25.899271,28.120781,27.430753,26.948668,29.983794,29.489959,33.06125,35.038958,37.686085,39.707498,40.783575,41.217165,40.050154,40.022282,42.125271,47.87638
Kosovo,"no data","no data","no data","no data","no data","no data","no data","no data","no data","no data","no data","no data","no data","no data","no data","no data","no data","no data","no data","no data","no data","no data","no data","no data","no data","no data","no data","no data","no data","no data","no data","no data","no data","no data","no data","no data","no data","no data","no data","no data","no data","no data","no data","no data","no data","no data","no data","no data","no data","no data","no data","no data","no data","no data","no data","no data","no data","no data","no data",6.1187832,5.9084507,5.270144,8.1163889,8.9730785,10.702829,13.116143,14.393667,16.23209,16.997517,17.550888,24.096169
"Kyrgyz Republic","no data","no data","no data","no data","no data","no data","no data","no data","no data","no data","no data","no data","no data","no data","no data","no data","no data","no data","no data","no data","no data","no data","no data","no data","no data","no data","no data","no data","no data","no data","no data","no data","no data","no data","no data","no data","no data","no data","no data","no data","no data","no data","no data","no data",42.400659,52.425663,57.651788,64.802583,85.123349,119.56963,123.30265,108.20749,107.94147,108.23028,92.666456,85.660709,73.35469,57.743779,49.011562,58.494401,59.69859,50.055759,50.477879,47.124756,53.596786,67.087345,59.072818,58.786107,54.817991,51.602906,68.040579
Latvia,"no data","no data","no data","no data","no data","no data","no data","no data","no data","no data","no data","no data","no data","no data","no data","no data","no data","no data","no data","no data","no data","no data","no data","no data","no data","no data","no data","no data","no data","no data","no data","no data","no data","no data","no data","no data","no data","no data","no data","no data","no data","no data","no data","no data","no data",9.477982,8.7371749,7.2709463,9.5611507,14.437423,14.737171,17.482543,14.906025,14.34555,13.776716,11.134147,9.135917,7.2137463,16.179575,32.522976,40.214008,37.28591,36.456969,35.622571,38.484188,34.597236,38.570425,39.012671,37.112759,36.969932,43.464574
Lithuania,"no data","no data","no data","no data","no data","no data","no data","no data","no data","no data","no data","no data","no data","no data","no data","no data","no data","no data","no data","no data","no data","no data","no data","no data","no data","no data","no data","no data","no data","no data","no data","no data","no data","no data","no data","no data","no data","no data","no data","no data","no data","no data","no data","no data","no data",11.53114,13.916921,15.373985,16.540331,22.702311,23.518133,22.922974,22.166588,20.388651,18.685818,17.6449,17.261249,15.889326,14.580833,27.990006,36.209018,37.133588,39.70075,38.670533,40.52617,42.681219,39.895706,39.338353,33.680728,35.902812,47.129903
Luxembourg,"no data","no data","no data","no data","no data","no data","no data","no data","no data","no data","no data","no data","no data","no data","no data","no data","no data","no data","no data","no data","no data","no data","no data","no data","no data","no data","no data","no data","no data","no data",8.7902587,9.2739627,9.799091,9.9553936,9.9506088,10.35043,8.5312811,7.1529892,5.8894999,5.0722959,4.6980045,4.0638451,4.8063906,6.0035215,5.4727777,10.241332,10.126738,10.021944,9.4849345,8.3677171,7.4646331,7.6712421,7.4294868,7.4504158,7.9053534,8.0224036,8.2991209,8.2006412,15.356976,16.146471,20.152174,19.004881,21.997366,23.687351,22.742873,21.98626,20.09379,22.342438,20.95279,22.00723,24.815646
Malaysia,"no data","no data","no data","no data","no data","no data","no data","no data","no data","no data","no data","no data","no data","no data","no data","no data","no data","no data","no data","no data","no data","no data","no data","no data","no data","no data","no data","no data","no data","no data","no data","no data","no data","no data","no data","no data","no data","no data","no data","no data",74.128536,67.319254,59.109206,51.134407,43.723142,38.165753,32.76919,29.62035,33.636423,34.362522,32.517879,38.06503,39.532114,41.393131,41.960132,40.777806,39.661654,39.348314,39.360854,50.40803,51.212214,51.898322,53.787502,55.656453,55.373068,56.970772,55.787491,54.395545,55.645963,57.066678,67.433759
Malta,"no data","no data","no data","no data","no data","no data","no data","no data","no data","no data","no data","no data","no data","no data","no data","no data","no data","no data","no data","no data","no data","no data","no data","no data","no data","no data","no data","no data","no data","no data","no data","no data","no data","no data","no data","no data","no data","no data","no data","no data","no data","no data","no data","no data","no data",37.602417,42.716978,50.461299,55.082445,65.896493,60.655219,64.887668,63.149995,68.629192,71.284141,69.901164,64.277635,61.907419,61.826996,66.340198,65.319934,69.268736,65.925962,65.790792,61.592265,55.880059,54.319694,47.480672,43.448823,40.589287,53.302295
"Marshall Islands","no data","no data","no data","no data","no data","no data","no data","no data","no data","no data","no data","no data","no data","no data","no data","no data","no data","no data","no data","no data","no data","no data","no data","no data","no data","no data","no data","no data","no data","no data","no data","no data","no data","no data","no data","no data","no data","no data","no data","no data","no data","no data","no data","no data","no data","no data","no data",8.6240428,17.863979,25.612277,27.408814,32.856215,37.24464,43.814722,46.944487,46.215096,44.866262,42.82179,42.533226,41.602984,38.996604,35.943225,37.592542,33.631743,35.690068,33.85245,29.264372,25.575161,24.512728,24.837551,19.01328
Mauritius,"no data","no data","no data","no data","no data","no data","no data","no data","no data","no data","no data","no data","no data","no data","no data","no data","no data","no data","no data","no data",16.321232,18.960707,20.903812,16.682629,23.990984,23.653183,19.17248,27.337961,36.257288,41.135336,46.401253,51.082044,59.101086,56.051552,57.978995,65.366526,57.933626,49.323628,46.242244,44.08213,47.344783,40.663748,37.21349,34.550151,39.792253,46.067519,43.525031,44.561439,44.02039,44.655869,60.534622,61.306665,67.593589,71.739947,61.965905,62.480493,60.118803,53.703274,50.067721,59.201764,57.154603,57.332442,56.768688,59.059821,61.998357,66.92616,66.726392,66.08122,67.574638,77.70399,99.907376
"Micronesia, Fed. States of","no data","no data","no data","no data","no data","no data","no data","no data","no data","no data","no data","no data","no data","no data","no data","no data","no data","no data","no data","no data","no data","no data","no data","no data","no data","no data","no data","no data","no data","no data","no data","no data","no data","no data","no data","no data","no data","no data","no data","no data","no data","no data","no data","no data","no data",53.989558,43.852804,47.169863,42.125903,35.805306,26.983779,23.601497,23.956473,24.574076,25.337565,24.69079,25.011068,25.657377,28.943634,30.748058,28.84038,28.329511,27.008548,27.638293,28.100544,25.628825,24.190883,21.922961,18.834019,18.721054,16.059501
Moldova,"no data","no data","no data","no data","no data","no data","no data","no data","no data","no data","no data","no data","no data","no data","no data","no data","no data","no data","no data","no data","no data","no data","no data","no data","no data","no data","no data","no data","no data","no data","no data","no data","no data","no data","no data","no data","no data","no data","no data","no data","no data","no data","no data","no data","no data",79.480332,87.491984,89.048893,159.40985,150.73894,89.10372,85.380076,80.342438,68.059111,49.334551,40.421222,34.984422,28.276246,22.195309,32.609657,25.474634,24.200729,31.219139,29.78391,34.96112,42.381144,39.232418,34.300439,31.230332,28.294404,34.781371
Mongolia,"no data","no data","no data","no data","no data","no data","no data","no data","no data","no data","no data","no data","no data","no data","no data","no data","no data","no data","no data","no data","no data","no data","no data","no data","no data","no data","no data","no data","no data","no data","no data","no data","no data","no data","no data","no data","no data","no data","no data","no data","no data","no data","no data","no data","no data","no data","no data","no data","no data","no data","no data","no data","no data","no data","no data","no data","no data","no data","no data","no data","no data","no data","no data",49.423447,57.072747,62.109507,87.590208,81.616233,"no data","no data","no data"
Montenegro,"no data","no data","no data","no data","no data","no data","no data","no data","no data","no data","no data","no data","no data","no data","no data","no data","no data","no data","no data","no data","no data","no data","no data","no data","no data","no data","no data","no data","no data","no data","no data","no data","no data","no data","no data","no data","no data","no data","no data","no data","no data","no data","no data","no data","no data","no data","no data","no data","no data","no data","no data","no data",76.708061,40.897099,45.371534,38.568239,36.691669,31.757507,34.184547,43.68868,45.006704,48.571711,56.86997,58.653721,63.359791,68.760404,66.390439,66.206974,71.884939,78.793123,107.15326
Nauru,"no data","no data","no data","no data","no data","no data","no data","no data","no data","no data","no data","no data","no data","no data","no data","no data","no data","no data","no data","no data","no data","no data","no data","no data","no data","no data","no data","no data","no data","no data","no data","no data","no data","no data","no data","no data","no data","no data","no data","no data","no data","no data","no data","no data","no data","no data","no data","no data","no data","no data","no data","no data","no data","no data","no data","no data","no data","no data","no data",247.9704,243.2484,188.19634,127.55223,121.69304,105.87969,105.83837,79.55574,76.689396,74.316457,61.992225,59.34407
Netherlands,143.93041,124.10116,112.00364,106.39128,92.990767,83.974021,78.586647,76.150672,78.651444,76.982842,69.95862,69.106022,66.888243,64.701315,59.884656,58.463255,58.245408,57.663907,57.032779,48.251785,46.149017,43.720121,41.384645,38.16917,36.33119,36.104304,35.200416,34.966567,38.142558,39.516264,43.617972,46.943565,52.517862,58.484555,62.004647,67.187729,69.04611,71.393052,73.798675,73.844367,75.126025,74.919988,75.696289,76.773215,73.600933,72.212158,70.482989,64.852349,61.663222,57.531964,50.901867,48.159815,47.534507,48.716094,49.112767,48.47454,44.06873,41.972964,53.790494,55.832354,59.400301,61.830773,66.42888,67.833929,68.012985,64.632149,61.887491,56.939549,52.426333,47.432953,52.49211
Nicaragua,"no data","no data","no data","no data","no data","no data","no data","no data","no data","no data","no data","no data","no data","no data","no data","no data","no data","no data","no data","no data","no data","no data","no data","no data","no data","no data","no data","no data","no data","no data","no data","no data","no data","no data","no data","no data","no data","no data","no data","no data","no data","no data","no data","no data","no data","no data","no data",86.40458,86.469963,99.826428,95.219355,87.475546,110.38549,109.54021,84.047522,66.607603,51.15567,30.916019,25.999247,29.258146,30.34714,28.794343,27.85246,28.835446,28.689616,28.910783,30.915916,34.080408,37.68569,41.690291,47.918968
Nigeria,"no data","no data","no data","no data","no data","no data","no data","no data","no data","no data","no data","no data","no data","no data","no data","no data","no data","no data","no data","no data","no data","no data","no data","no data","no data","no data","no data","no data","no data","no data","no data","no data","no data","no data","no data","no data","no data","no data","no data","no data","no data","no data","no data","no data","no data","no data","no data","no data","no data","no data","no data","no data","no data","no data","no data","no data","no data","no data","no data","no data","no data",17.430772,17.576815,18.289297,17.54075,20.328343,23.410089,25.340444,27.689269,29.170478,34.999783
"North Macedonia ","no data","no data","no data","no data","no data","no data","no data","no data","no data","no data","no data","no data","no data","no data","no data","no data","no data","no data","no data","no data","no data","no data","no data","no data","no data","no data","no data","no data","no data","no data","no data","no data","no data","no data","no data","no data","no data","no data","no data","no data","no data","no data","no data","no data",53.248525,21.316747,23.486779,29.337176,33.102896,30.445276,45.560813,45.2145,40.464236,36.461255,34.580017,36.66909,30.58568,23.531595,20.641671,23.729338,24.272662,27.728043,33.662031,33.968969,38.015266,38.076702,39.809509,39.382734,40.425045,40.639577,51.249551
Norway,"no data","no data","no data","no data","no data","no data","no data","no data","no data","no data","no data","no data","no data","no data","no data","no data","no data","no data","no data","no data",41.067404,41.071102,41.565059,40.263477,37.786536,39.081613,40.791129,46.571255,53.436341,56.893148,47.683235,43.3953,38.488391,35.405423,35.212364,36.921428,45.995638,38.519394,32.429622,32.338158,28.944317,39.241698,44.995186,53.651698,50.64338,32.737746,28.445878,25.756917,23.584095,24.974777,28.703018,27.275244,34.012822,43.176753,43.954471,42.476559,52.790035,49.725786,47.819159,42.740709,43.181519,29.793715,31.106765,31.622734,29.858947,34.5441,38.125809,38.636097,39.657784,40.879795,41.4
Panama,13.47352,12.552143,12.536232,13.094017,13.476563,16.048265,15.716753,16.514241,19.916143,21.64974,22.919673,27.194307,25.931062,24.986595,25.765646,25.564479,33.198887,35.656301,38.17042,30.198858,32.313293,35.336182,37.849206,40.965862,43.834618,38.00954,52,55.072691,63.101908,69.016112,74.890953,76.542305,80.860285,86.574746,82.536475,82.541651,83.990594,92.204033,105.03539,104.40368,112.6521,107.47022,94.553269,86.596564,81.22057,79.463275,67.402994,62.385779,60.255253,57.446603,55.811196,60.185475,59.33149,58.813106,61.183747,61.726573,56.946576,49.36499,41.646919,41.619304,40.542664,37.823552,36.035007,35.62975,36.554519,36.001343,35.303184,35.255844,37.31525,42.199535,66.279797
Peru,"no data","no data","no data","no data","no data","no data","no data","no data","no data","no data","no data","no data","no data","no data","no data","no data","no data","no data","no data","no data","no data","no data","no data","no data","no data","no data","no data","no data","no data","no data","no data","no data","no data","no data","no data","no data","no data","no data","no data","no data","no data","no data","no data","no data","no data","no data","no data","no data","no data",51.464262,48.304296,47.440949,48.81299,48.84523,44.68555,41.848239,33.81814,29.574986,26.421075,26.727317,23.602421,21.453325,19.773985,18.929048,19.353994,22.66455,23.193854,23.431047,23.704434,24.926659,32.482621
Philippines,10.887489,10.395683,9.7376808,12.717706,12.167466,13.14629,14.496651,13.735405,16.02595,16.793346,13.835107,13.817321,13.300075,11.818012,11.827937,12.635568,12.77371,12.950324,13.476589,14.565557,14.147675,13.556961,15.393095,13.849888,12.405817,12.462515,15.996384,18.56092,21.461519,20.707251,22.706602,25.110584,29.61576,38.338363,40.242718,47.444696,68.353066,69.965607,60.947726,55.220409,56.184106,55.59742,53.909829,68.596604,63.602625,60.848952,53.074388,56.890602,50.773325,54.217731,59.202745,59.470941,65.18395,71.392968,71.082311,64.674293,57.188542,50.167617,50.010093,49.805296,47.586513,45.433618,45.691174,43.796758,40.240238,39.639944,37.343324,38.108353,37.134016,36.966504,51.675433
Poland,"no data","no data","no data","no data","no data","no data","no data","no data","no data","no data","no data","no data","no data","no data","no data","no data","no data","no data","no data","no data","no data","no data","no data","no data","no data","no data","no data","no data","no data","no data","no data","no data","no data","no data","no data","no data","no data","no data","no data","no data",89.972161,77.177741,82.203458,84.179341,64.478962,48.892186,43.304469,42.841493,38.812906,39.489052,36.511225,37.278339,41.696528,46.563185,45.112939,46.60382,47.271288,44.499402,46.73496,49.820903,53.54463,54.724759,54.422873,56.54014,51.068632,51.269269,54.200652,50.616267,48.818815,45.597694,57.472033
Portugal,"no data","no data","no data","no data","no data","no data","no data","no data","no data","no data","no data","no data","no data","no data","no data","no data","no data","no data","no data","no data",20.635617,20.321367,19.012819,17.807627,17.44449,25.295266,30.799261,32.228375,36.162044,24.676962,35.003225,43.195183,47.219185,51.297746,56.889379,61.245985,60.809117,58.211556,57.798145,56.318197,56.434349,59.904427,54.449933,53.639549,56.62963,58.310476,59.510385,55.198381,51.842153,51.064645,50.336995,53.436897,56.213005,58.689184,62.039404,67.434361,69.169808,72.727962,75.642592,87.799088,100.21446,114.40304,129.03504,131.42975,132.9407,131.17912,131.50574,126.14348,121.48139,116.60779,135.18669
Romania,"no data","no data","no data","no data","no data","no data","no data","no data","no data","no data","no data","no data","no data","no data","no data","no data","no data","no data","no data","no data","no data","no data","no data","no data","no data","no data","no data","no data","no data","no data","no data","no data","no data","no data","no data","no data","no data","no data","no data","no data","no data","no data","no data","no data","no data",6.9057355,10.994867,15.030701,16.466335,21.721897,22.486587,25.869442,24.820797,22.109332,18.945246,15.90511,12.423584,11.949157,12.336186,21.780735,29.618544,33.988215,37.134477,37.621168,39.150929,37.805871,37.320457,35.056756,34.728255,35.295825,47.356266
"Russian Federation","no data","no data","no data","no data","no data","no data","no data","no data","no data","no data","no data","no data","no data","no data","no data","no data","no data","no data","no data","no data","no data","no data","no data","no data","no data","no data","no data","no data","no data","no data","no data","no data","no data","no data","no data","no data","no data","no data","no data","no data","no data","no data","no data","no data","no data","no data","no data","no data",135.1933,92.379379,55.868371,44.438155,37.577188,28.334198,20.827898,14.85063,9.8039012,8.0326956,7.4462447,9.9181918,10.105264,10.340154,11.16744,12.348062,15.135832,15.286413,14.84932,14.311064,13.619617,13.793674,19.279816
"Saint Kitts and Nevis","no data","no data","no data","no data","no data","no data","no data","no data","no data","no data","no data","no data","no data","no data","no data","no data","no data","no data","no data","no data","no data","no data","no data","no data","no data","no data","no data","no data","no data","no data","no data","no data","no data","no data","no data","no data","no data","no data","no data","no data","no data","no data","no data","no data","no data","no data",48.857714,66.522703,77.416143,89.184837,96.476716,105.17491,119.71737,140.6838,153.12967,156.78024,141.91953,133.99591,124.63175,131.9499,141.66448,132.07726,122.59897,90.99378,72.294402,64.542999,57.399961,55.844256,53.621641,51.447603,56.866214
"Saint Vincent and the Grenadines","no data","no data","no data","no data","no data","no data","no data","no data","no data","no data","no data","no data","no data","no data","no data","no data","no data","no data","no data","no data","no data","no data","no data","no data","no data","no data","no data","no data","no data","no data","no data","no data","no data","no data","no data","no data","no data","no data","no data","no data",58.259629,56.222862,53.548617,51.935589,57.049047,50.549289,43.937632,41.900139,42.699396,57.085259,58.608854,56.524132,55.394079,53.909661,62.015284,65.44853,64.11601,52.84632,56.740837,63.571556,65.448723,68.767467,72.45714,74.974979,79.420116,79.360692,83.530297,73.500576,75.642202,75.146457,84.997569
Serbia,"no data","no data","no data","no data","no data","no data","no data","no data","no data","no data","no data","no data","no data","no data","no data","no data","no data","no data","no data","no data","no data","no data","no data","no data","no data","no data","no data","no data","no data","no data","no data","no data","no data","no data","no data","no data","no data","no data","no data","no data","no data","no data","no data","no data","no data","no data","no data","no data","no data","no data",224.59552,106.23136,76.067667,71.709278,62.135393,51.276283,37.945615,31.182748,30.535147,33.901943,41.186502,43.937153,54.401996,57.468455,67.539743,71.232583,68.772351,58.649101,54.405458,52.768799,58.368525
"Slovak Republic","no data","no data","no data","no data","no data","no data","no data","no data","no data","no data","no data","no data","no data","no data","no data","no data","no data","no data","no data","no data","no data","no data","no data","no data","no data","no data","no data","no data","no data","no data","no data","no data","no data","no data","no data","no data","no data","no data","no data","no data","no data","no data","no data",27.614288,24.255666,21.592691,30.63555,32.988907,33.917484,47.050407,50.451976,51.112598,45.297419,43.241842,41.715033,34.731884,31.427005,30.34547,28.598817,36.360899,40.958166,43.447328,51.780749,54.724931,53.551996,51.917571,52.412725,51.571279,49.66975,48.216037,60.270175
Slovenia,"no data","no data","no data","no data","no data","no data","no data","no data","no data","no data","no data","no data","no data","no data","no data","no data","no data","no data","no data","no data","no data","no data","no data","no data","no data","no data","no data","no data","no data","no data","no data","no data","no data","no data","no data","no data","no data","no data","no data","no data","no data","no data","no data","no data",17.887704,18.24087,21.56117,22.058324,22.730234,23.710425,25.917891,26.062409,27.357773,26.777495,26.897156,26.39875,26.060997,22.848019,21.785961,34.526463,38.269273,46.457898,53.561489,70.005541,80.299037,82.587736,78.520193,74.144934,70.289027,65.59194,79.774713
Spain,"no data","no data","no data","no data","no data","no data","no data","no data","no data","no data","no data","no data","no data","no data","no data","no data","no data","no data","no data","no data","no data","no data","no data","no data","no data","no data","no data","no data","no data","no data",16.12668,19.47389,24.45865,29.55313,36.068347,40.917137,42.125893,41.96751,38.550015,39.919486,41.355878,41.916056,44.188127,54.635453,57.090199,61.663428,65.692889,64.408879,62.468346,60.76293,57.815337,54.049529,51.249992,47.711736,45.365504,42.430163,39.063876,35.764575,39.712004,53.261303,60.51525,69.850442,86.306881,95.782218,100.7005,99.302983,99.166304,98.556662,97.514345,95.535545,119.91998
Sweden,"no data","no data","no data","no data","no data","no data","no data","no data","no data","no data","no data","no data","no data","no data","no data","no data","no data","no data","no data","no data",27.310334,27.664296,27.524921,26.868259,27.213892,26.44985,24.676044,26.779412,30.931792,35.444564,39.578014,46.681297,55.283638,58.534255,59.639025,59.31959,58.822315,52.344179,46.929116,42.663551,38.74427,46.59351,58.624749,65.710503,68.150323,68.325123,68.678863,67.429358,65.130731,60.06736,50.229201,51.763069,49.767082,49.270866,48.476218,48.768084,43.666591,38.976917,37.510525,40.739059,38.065599,37.149096,37.499325,40.160924,44.872155,43.738695,42.255445,40.730415,38.90789,34.872843,37.345501
Switzerland,"no data","no data","no data","no data","no data","no data","no data","no data","no data","no data","no data","no data","no data","no data","no data","no data","no data","no data","no data","no data","no data","no data","no data","no data","no data","no data","no data","no data","no data","no data","no data","no data","no data",33.324079,32.946457,32.33719,31.068803,30.196703,28.971934,26.909136,33.293467,35.041881,39.459916,44.360427,47.062105,49.970261,51.258905,53.592231,55.839096,52.576488,52.109461,50.943042,57.508112,56.681385,57.574172,54.639557,48.249583,44.494736,44.571976,42.765276,41.144042,41.54542,42.210689,41.566233,41.608299,41.656538,40.482558,41.205165,39.233621,39.792513,42.381331
"Taiwan Province of China","no data","no data","no data","no data","no data","no data","no data","no data","no data","no data","no data","no data","no data","no data","no data","no data","no data","no data","no data","no data","no data","no data","no data","no data","no data","no data","no data","no data","no data","no data","no data","no data","no data","no data","no data","no data","no data","no data","no data","no data","no data","no data","no data","no data","no data","no data","no data",24.98249,23.686645,23.690115,26.227295,30.125563,29.778821,32.14996,33.445752,34.067814,33.296974,32.156545,33.353183,36.710795,36.889863,38.34263,39.204933,38.894747,37.488433,35.941432,35.36392,34.513581,33.914947,32.684468,32.651243
Tajikistan,"no data","no data","no data","no data","no data","no data","no data","no data","no data","no data","no data","no data","no data","no data","no data","no data","no data","no data","no data","no data","no data","no data","no data","no data","no data","no data","no data","no data","no data","no data","no data","no data","no data","no data","no data","no data","no data","no data","no data","no data","no data","no data","no data","no data","no data","no data","no data","no data",96.566524,107.80669,111.42891,99.448644,98.29694,69.76019,49.412192,45.843282,36.806963,34.269902,30.2286,36.93955,36.837829,35.512325,32.462498,29.29164,27.89233,35.018931,42.426384,50.293083,47.819096,44.068081,51.308589
Tanzania,"no data","no data","no data","no data","no data","no data","no data","no data","no data","no data","no data","no data","no data","no data","no data","no data","no data","no data","no data","no data",9.2806162,43.681269,42.882391,42.824613,40.810582,41.23219,40.71055,39.877206,41.356259,40.747265,43.143022,41.849846,39.630641,40.424747,43.491397,51.643913,39.686307,71.155393,78.563617,88.132339,124.76438,106.50866,117.59618,129.18751,126.01806,111.11086,89.638998,73.374757,62.20048,62.886944,55.359557,50.770359,47.371423,44.375818,44.521628,46.09135,34.461764,23.760667,21.743395,24.013394,27.5533,28.382779,30.04556,32.720708,36.088948,39.211816,39.797162,40.732408,40.543778,39.035801,39.148621
Thailand,"no data","no data","no data","no data","no data","no data","no data","no data","no data","no data","no data","no data","no data","no data","no data","no data","no data","no data","no data","no data","no data","no data","no data","no data","no data","no data","no data","no data","no data","no data","no data","no data","no data","no data","no data","no data","no data","no data","no data","no data","no data","no data","no data","no data","no data","no data","no data","no data","no data","no data","no data","no data","no data","no data","no data",25.896613,23.992813,22.899202,22.079366,26.795897,27.782025,27.315354,28.516681,29.638856,29.951162,32.216929,30.691023,32.527594,33.962518,34.028647,44.989312
Turkey,"no data","no data","no data","no data","no data","no data","no data","no data","no data","no data","no data","no data","no data","no data","no data","no data","no data","no data","no data","no data","no data","no data","no data","no data","no data","no data","no data","no data","no data","no data","no data","no data","no data","no data","no data","no data","no data","no data","no data","no data","no data","no data","no data","no data","no data","no data","no data","no data","no data","no data",51.318469,75.510924,71.523087,65.169926,57.168121,50.223009,44.257349,37.799318,37.795318,43.490855,39.723054,36.169764,32.442095,31.160386,28.488326,27.362061,27.999021,28.027246,30.169041,32.663284,39.765354
Turkmenistan,"no data","no data","no data","no data","no data","no data","no data","no data","no data","no data","no data","no data","no data","no data","no data","no data","no data","no data","no data","no data","no data","no data","no data","no data","no data","no data","no data","no data","no data","no data","no data","no data","no data","no data","no data","no data","no data","no data","no data","no data","no data","no data","no data","no data","no data","no data","no data",29.566714,37.597258,30.711778,25.396362,15.70151,11.135938,7.7924946,5.2578747,3.1397329,1.9463671,1.4099726,1.639724,1.421931,2.6127142,6.5054762,12.274574,14.746385,12.639252,18.761396,23.651777,28.00851,31.479194,32.203364,32.247538
Ukraine,"no data","no data","no data","no data","no data","no data","no data","no data","no data","no data","no data","no data","no data","no data","no data","no data","no data","no data","no data","no data","no data","no data","no data","no data","no data","no data","no data","no data","no data","no data","no data","no data","no data","no data","no data","no data","no data","no data","no data","no data","no data","no data","no data","no data","no data",30.151822,24.36603,28.891838,46.537366,58.958847,43.789532,36.690024,33.579562,29.380226,24.798092,17.740632,14.800602,12.266637,20.412978,35.424768,40.625843,36.875672,37.541538,40.518808,70.316871,79.502809,79.512854,71.619824,60.424216,50.492332,60.783935
"United Arab Emirates","no data","no data","no data","no data","no data","no data","no data","no data","no data","no data","no data","no data","no data","no data","no data","no data","no data","no data","no data","no data","no data","no data","no data",0.74146816,1.1435275,1.8348129,3.2722727,3.7648949,3.5741677,3.8193691,2.5688079,2.3620725,2.6037501,3.1968304,3.5831123,4.0156589,5.5277902,5.4537944,5.7784705,5.3637094,4.4392743,4.9209253,5.2866175,5.8652886,5.577984,5.0455617,3.5739611,2.8952247,4.2917678,4.815315,3.0926578,2.6896885,3.4271511,3.3319966,4.0797313,4.4814966,5.0516565,8.8905228,8.9491366,21.136073,19.473318,21.467198,21.209763,16.015734,14.194619,16.650388,19.365809,21.623366,20.906073,27.086021,39.3615
"United Kingdom",180.10858,162.37114,150.3254,141.03716,136.00148,127.70371,119.17572,112.77215,109.06522,103.48355,98.053948,94.263091,91.088762,89.318719,82.742625,77.318667,74.76029,71.953029,71.048031,66.114693,73.508129,68.016143,65.116296,58.607601,56.232301,51.32945,51.91115,52.685864,51.548582,47.321279,43.860696,44.177822,42.699523,41.707615,41.555539,40.662552,41.045373,41.271214,36.008366,30.775202,27.541406,27.834872,33.185505,41.446697,40.096432,44.489938,44.116438,43.272393,40.934392,39.502881,36.733826,33.999253,34.215199,35.398125,38.390948,39.591813,40.515693,41.547392,49.326888,63.193205,74.272911,79.974773,83.161348,84.156024,86.060715,86.719548,86.775334,86.314342,85.775183,85.242957,104.4716
"United States",83.126037,72.955032,72.525492,71.753219,73.568066,68.498633,64.726033,62.329546,64.927332,62.335885,60.832947,61.393351,59.371678,57.954916,55.988829,53.060492,50.144581,50.395849,48.73687,45.939659,46.228617,46.639114,45.073158,42.257212,41.160763,44.419521,44.598714,43.301052,42.086737,40.668018,41.268459,40.390362,45.01271,47.920336,49.568908,54.205577,57.663935,59.466124,60.338227,60.455952,62.162725,66.545629,68.809346,70.796786,69.579457,69.110259,68.234457,65.839581,62.603912,59.031323,53.169267,53.145897,55.537272,58.624373,66.103735,65.457382,64.193426,64.568016,73.427442,86.581204,95.141968,99.485376,103.00392,104.49376,104.4524,104.87652,106.92728,105.98365,107.05872,108.46312,133.91974
Uzbekistan,"no data","no data","no data","no data","no data","no data","no data","no data","no data","no data","no data","no data","no data","no data","no data","no data","no data","no data","no data","no data","no data","no data","no data","no data","no data","no data","no data","no data","no data","no data","no data","no data","no data","no data","no data","no data","no data","no data","no data","no data","no data","no data","no data","no data","no data","no data","no data","no data",18.000864,18.382488,29.478736,44.838459,41.632893,31.412345,26.877137,21.011501,13.538512,9.5553294,8.3331808,7.3009918,6.6095205,6.330977,6.7565657,6.2280161,6.0873548,6.7241461,8.1916194,19.27435,19.468789,28.268768,36.436503
Venezuela,"no data","no data","no data","no data","no data","no data","no data","no data","no data","no data","no data","no data","no data","no data","no data","no data","no data","no data","no data","no data","no data","no data","no data","no data","no data","no data","no data","no data","no data","no data","no data","no data","no data","no data","no data","no data","no data","no data","no data","no data","no data","no data","no data","no data","no data","no data","no data","no data",26.317181,24.674186,19.087654,19.30304,39.96582,37.851942,28.127174,24.451661,16.441071,19.068361,15.383342,18.91287,24.99551,31.651903,30.115535,33.235086,25.141931,11.044532,5.0541076,26.004266,180.78868,232.78634,304.12548
Vietnam,"no data","no data","no data","no data","no data","no data","no data","no data","no data","no data","no data","no data","no data","no data","no data","no data","no data","no data","no data","no data","no data","no data","no data","no data","no data","no data","no data","no data","no data","no data","no data","no data","no data","no data","no data","no data","no data","no data","no data","no data","no data","no data","no data","no data","no data","no data","no data","no data","no data","no data",24.754757,25.420214,27.711371,29.835244,29.362706,28.669144,30.248265,32.209522,31.045296,36.348384,36.847677,35.777249,38.329969,41.412898,43.642335,46.115999,47.636737,46.308589,43.711704,43.581023,46.297898
Yemen,"no data","no data","no data","no data","no data","no data","no data","no data","no data","no data","no data","no data","no data","no data","no data","no data","no data","no data","no data","no data","no data","no data","no data","no data","no data","no data","no data","no data","no data","no data","no data","no data","no data","no data","no data","no data","no data","no data","no data","no data",91.565431,82.685029,78.022149,76.74738,73.349757,84.107591,114.90499,74.156532,110.59523,96.050252,60.840745,60.568578,57.827228,56.823012,52.068094,43.80071,40.842372,40.407906,36.421266,49.842358,42.379573,45.725985,47.312378,48.199762,48.722145,57.03129,72.255354,77.426337,74.543975,76.527015,84.165724
,,,,,,,,,,,,,,,,,,,,,,,,,,,,,,,,,,,,,,,,,,,,,,,,,,,,,,,,,,,,,,,,,,,,,,,
"IMF, 2022",,,,,,,,,,,,,,,,,,,,,,,,,,,,,,,,,,,,,,,,,,,,,,,,,,,,,,,,,,,,,,,,,,,,,,,
